channel,sender_id,date_utc,date_local,labels,message,normalized_text,message_length,summary,keywords,sentiment
cahier_de_market,1001883361144,2025-10-26T15:12:39+00:00,2025-10-26 15:12:39,Memory,"*** Trendforce의 4분기 디램 계약가격 업데이트**(X@Jukanlosreve)
- **레거시 외에 HBM도 ASP 상향조정**


TrendForce는 **2025년 4분기 계약 가격 예측을 다시 한번 상향 조정**

- 상향 조정은 **CSP의 추가 주문 효과를 반영**한 것으로, 이로 인해 DRAM 가격이 **전분기 대비 20% 이상 상승**

- 구체적으로 **PC DRAM의 혼합 ASP는 기존 3~8%에서 18~23%로 상향 조정**
- **서버용 DRAM은 5~10%에서 15~20%로 상향조정**
- **모바일 DRAM의 경우 LPDDR5와 LPDDR4 각각 8~13%와 15~20%에서 20~25%와 18~23%로 상향 조정**

- 전반적으로 기존 DRAM은 8~13%에서 18~23%로 수정

- **HBM의 혼합 ASP도 13~18%에서 23~28%로 인상**


** **HBM4 양산 전인데 이정도의 ASP 상승?**","*** Trendforce의 4분기 디램 계약가격 업데이트**(X@Jukanlosreve) - **레거시 외에 HBM도 ASP 상향조정** TrendForce는 **2025년 4분기 계약 가격 예측을 다시 한번 상향 조정** - 상향 조정은 **CSP의 추가 주문 효과를 반영**한 것으로, 이로 인해 DRAM 가격이 **전분기 대비 20% 이상 상승** - 구체적으로 **PC DRAM의 혼합 ASP는 기존 3~8%에서 18~23%로 상향 조정** - **서버용 DRAM은 5~10%에서 15~20%로 상향조정** - **모바일 DRAM의 경우 LPDDR5와 LPDDR4 각각 8~13%와 15~20%에서 20~25%와 18~23%로 상향 조정** - 전반적으로 기존 DRAM은 8~13%에서 18~23%로 수정 - **HBM의 혼합 ASP도 13~18%에서 23~28%로 인상** ** **HBM4 양산 전인데 이정도의 ASP 상승?**",478,1. TrendForce는 2025년 4분기 DRAM 계약 가격을 상향 조정했음. 2. 상향 조정은 CSP의 추가 주문 효과를 반영한 것이었음. 3. DRAM 가격이 전분기 대비 20% 이상 상승했음. 4. PC DRAM의 혼합 ASP는 기존 3~8%에서 18~23%로 조정되었음. 5. 서버용 DRAM은 5~10%에서 15~20%로 상향 조정되었음. 6. 모바일 DRAM의 LPDDR5와 LPDDR4는 각각 20~25%와 18~23%로 조정되었음. 7. 전반적으로 기존 DRAM은 8~13%에서 18~23%로 수정되었음. 8. HBM의 혼합 ASP도 13~18%에서 23~28%로 인상되었음. 9. HBM4 양산 전에도 ASP 상승이 있었음.,"TrendForce, DRAM, 계약 가격, 상향 조정, CSP, PC DRAM, 서버용 DRAM, 모바일 DRAM, HBM, ASP",긍정적
aetherjapanresearch,1001909745040,2025-10-26T14:27:08+00:00,2025-10-26 14:27:08,Company;Memory;Product;Tech,"디지타임스) CXMT와 화웨이, 중국의 2026년 AI 메모리 도약을 앞두고 HBM3 협력

HBM이 글로벌 D램 제조사들의 최신 경쟁 무대가 되었습니다. 삼성, SK하이닉스, 마이크론이 2026년 HBM4 양산을 준비하는 가운데, 중국의 CXMT(창신메모리)가 화웨이와 그 파트너들에게 16nm HBM3 샘플을 전달한 것으로 알려졌으며, 이는 같은 해로 예정된 대규모 제조의 서막입니다.

분석가들은 CXMT가 여전히 글로벌 선두 기업들보다 3~4년 뒤처져 있지만, 이러한 진전은 중국의 반도체 자립을 강화하고 국제 D램 선두 주자들의 오랜 지배력을 무너뜨리는 데 있어 중요한 진일보를 의미한다고 말합니다.

CXMT, HBM3 및 D램 생산 가속화
소식통에 따르면 CXMT는 HBM3 샘플 출하를 시작했지만, 수율(yield rate)과 비용 효율성은 여전히 최고 수준(top-tier) 기준에 미치지 못합니다. 그럼에도 불구하고 일부 보고서에서는 현재 수율이 삼성을 근소한 차이로 뒤쫓고 있다고 주장합니다.

웨이퍼 생산량을 확대하기 위해 CXMT는 허페이(Hefei) 당국과 파워칩(PSMC)이 지원하는 넥스칩 반도체(Nexchip Semiconductor Corp.)를 포함한 위탁 생산업체(contract manufacturers)에 베이스 다이(base die) 기술을 이전한 것으로 알려졌습니다. 이러한 기술 라이선싱 및 아웃소싱 모델은 CXMT의 D램 생산 성장을 가속화할 것으로 예상됩니다.

2024년 DDR5 D램 양산 발표 이후, 시장의 초점은 CXMT의 수율 성과로 옮겨갔습니다. 2025년 초 온도 및 발열 문제에 직면했으나, 회사는 신속하게 포토마스크를 재작업하여 그해 말 주목할 만한 수율 향상을 달성했습니다.

중국발 보고서에 따르면 DDR5 수율은 80%를 넘어섰으며, 현재 글로벌 선두 제조사들의 성능 벤치마크에 근접하고 있습니다.

생산 능력 확장 및 시장 전망
CXMT는 2026년 HBM3 양산 시작을 목표로 하고 있으며, 상하이의 새로운 후공정(backend packaging) 패키징 시설은 2025년 말 가동될 예정입니다. HBM3E 개발은 2027년 완료될 예정이며, 이는 SK하이닉스와 같은 경쟁사들보다 약 3~4년 뒤처진 일정입니다.

시장 전망에 따르면 CXMT의 D램 생산 능력은 2025년까지 꾸준히 성장하여, 허페이 및 베이징 팹(fab)에서 월 230,000장에서 280,000장(웨이퍼 기준)으로 증가할 것입니다. 2026년에는 생산 능력이 월 290,000~300,000장에 도달하여 글로벌 D램 점유율 15%에 육박하고 60% 이상의 매출 성장을 이끌 수 있습니다.

공시 자료에 따르면 CXMT는 2024년 3월 100억 위안의 자금 조달 후 1,508억 위안의 기업 가치를 인정받았으며, 2024년 10월 초에 또 다른 D+ 라운드(투자 유치)를 완료했습니다.

분석가들은 메모리 부족, 칩 가격 상승, 국내 공급망 현지화 진전 등이 복합적으로 작용하여 CXMT의 IPO 기업 가치를 최대 3,000억 위안까지 끌어올릴 수 있다고 예측합니다. 이는 중국 메모리 산업이 새로운 성장 이정표에 도달함에 따라 회사의 업스트림(upstream) 패키징 및 장비 파트너들에게 모멘텀을 제공할 것입니다.","디지타임스) CXMT와 화웨이, 중국의 2026년 AI 메모리 도약을 앞두고 HBM3 협력 HBM이 글로벌 D램 제조사들의 최신 경쟁 무대가 되었습니다. 삼성, SK하이닉스, 마이크론이 2026년 HBM4 양산을 준비하는 가운데, 중국의 CXMT(창신메모리)가 화웨이와 그 파트너들에게 16nm HBM3 샘플을 전달한 것으로 알려졌으며, 이는 같은 해로 예정된 대규모 제조의 서막입니다. 분석가들은 CXMT가 여전히 글로벌 선두 기업들보다 3~4년 뒤처져 있지만, 이러한 진전은 중국의 반도체 자립을 강화하고 국제 D램 선두 주자들의 오랜 지배력을 무너뜨리는 데 있어 중요한 진일보를 의미한다고 말합니다. CXMT, HBM3 및 D램 생산 가속화 소식통에 따르면 CXMT는 HBM3 샘플 출하를 시작했지만, 수율(yield rate)과 비용 효율성은 여전히 최고 수준(top-tier) 기준에 미치지 못합니다. 그럼에도 불구하고 일부 보고서에서는 현재 수율이 삼성을 근소한 차이로 뒤쫓고 있다고 주장합니다. 웨이퍼 생산량을 확대하기 위해 CXMT는 허페이(Hefei) 당국과 파워칩(PSMC)이 지원하는 넥스칩 반도체(Nexchip Semiconductor Corp.)를 포함한 위탁 생산업체(contract manufacturers)에 베이스 다이(base die) 기술을 이전한 것으로 알려졌습니다. 이러한 기술 라이선싱 및 아웃소싱 모델은 CXMT의 D램 생산 성장을 가속화할 것으로 예상됩니다. 2024년 DDR5 D램 양산 발표 이후, 시장의 초점은 CXMT의 수율 성과로 옮겨갔습니다. 2025년 초 온도 및 발열 문제에 직면했으나, 회사는 신속하게 포토마스크를 재작업하여 그해 말 주목할 만한 수율 향상을 달성했습니다. 중국발 보고서에 따르면 DDR5 수율은 80%를 넘어섰으며, 현재 글로벌 선두 제조사들의 성능 벤치마크에 근접하고 있습니다. 생산 능력 확장 및 시장 전망 CXMT는 2026년 HBM3 양산 시작을 목표로 하고 있으며, 상하이의 새로운 후공정(backend packaging) 패키징 시설은 2025년 말 가동될 예정입니다. HBM3E 개발은 2027년 완료될 예정이며, 이는 SK하이닉스와 같은 경쟁사들보다 약 3~4년 뒤처진 일정입니다. 시장 전망에 따르면 CXMT의 D램 생산 능력은 2025년까지 꾸준히 성장하여, 허페이 및 베이징 팹(fab)에서 월 230,000장에서 280,000장(웨이퍼 기준)으로 증가할 것입니다. 2026년에는 생산 능력이 월 290,000~300,000장에 도달하여 글로벌 D램 점유율 15%에 육박하고 60% 이상의 매출 성장을 이끌 수 있습니다. 공시 자료에 따르면 CXMT는 2024년 3월 100억 위안의 자금 조달 후 1,508억 위안의 기업 가치를 인정받았으며, 2024년 10월 초에 또 다른 D+ 라운드(투자 유치)를 완료했습니다. 분석가들은 메모리 부족, 칩 가격 상승, 국내 공급망 현지화 진전 등이 복합적으로 작용하여 CXMT의 IPO 기업 가치를 최대 3,000억 위안까지 끌어올릴 수 있다고 예측합니다. 이는 중국 메모리 산업이 새로운 성장 이정표에 도달함에 따라 회사의 업스트림(upstream) 패키징 및 장비 파트너들에게 모멘텀을 제공할 것입니다.",1602,"1. CXMT와 화웨이가 HBM3 협력을 통해 2026년 AI 메모리 도약을 준비했음. 2. CXMT가 16nm HBM3 샘플을 전달했으며, 이는 대규모 제조의 시작을 알림. 3. CXMT는 글로벌 D램 제조사들보다 3~4년 뒤처져 있지만, 반도체 자립을 강화하는 중요한 진전을 이루었음. 4. HBM3 샘플 출하를 시작했으나, 수율과 비용 효율성은 최고 수준 기준에 미치지 못함. 5. CXMT는 위탁 생산업체에 기술을 이전하여 D램 생산 성장을 가속화할 계획임. 6. 2024년 DDR5 D램 양산 이후 수율 성과에 초점이 맞춰졌으며, DDR5 수율은 80%를 초과함. 7. CXMT는 2026년 HBM3 양산을 목표로 하며, 새로운 패키징 시설이 2025년 말 가동될 예정임. 8. 생산 능력은 2025년까지 증가하여 2026년에는 글로벌 D램 점유율 15%에 도달할 것으로 예상됨. 9. CXMT는 2024년 100억 위안 자금 조달 후 1,508억 위안의 기업 가치를 인정받았음. 10. 분석가들은 CXMT의 IPO 기업 가치를 최대 3,000억 위안으로 예측하며, 이는 중국 메모리 산업의 성장에 기여할 것임.","CXMT, 화웨이, HBM3, D램, 반도체 자립, 수율, DDR5, 생산 능력, 기업 가치, IPO",긍정적
aetherjapanresearch,1001909745040,2025-10-26T14:14:50+00:00,2025-10-26 14:14:50,Product,"**2년 뒤 AI서버 출하량 절반이 ASIC**

골드만삭스에 따르면 AI서버 출하량이 향후 3년간 1,249K → 1,704K(+36%) →  2,069K(+21%), 이중에서 ASIC 서버 비중은 38% → 40% → 45% 추정. ASIC이 추론 서버에만 쓰이는 게 아니라 고성능 ASIC의 증가로 훈련용으로도 채택. 특히 훈련용 ASIC 서버는 베이스보드(모듈형) 기반 랙으로 데이터센터 공간 맞춤화가 가능하고 예산 부담도 낮음. 참고로 CSP 5사의 향후 3년간 CAPEX 증가율(YoY)은 67% → 23% → 15%로 예상, 중국 CSP의 CAPEX는 55% → 8% → 6%로 추정됨","**2년 뒤 AI서버 출하량 절반이 ASIC** 골드만삭스에 따르면 AI서버 출하량이 향후 3년간 1,249K → 1,704K(+36%) → 2,069K(+21%), 이중에서 ASIC 서버 비중은 38% → 40% → 45% 추정. ASIC이 추론 서버에만 쓰이는 게 아니라 고성능 ASIC의 증가로 훈련용으로도 채택. 특히 훈련용 ASIC 서버는 베이스보드(모듈형) 기반 랙으로 데이터센터 공간 맞춤화가 가능하고 예산 부담도 낮음. 참고로 CSP 5사의 향후 3년간 CAPEX 증가율(YoY)은 67% → 23% → 15%로 예상, 중국 CSP의 CAPEX는 55% → 8% → 6%로 추정됨",334,"1. AI서버 출하량이 향후 3년간 증가할 것으로 예상됨. 2. 출하량은 1,249K에서 1,704K로 36% 증가하고, 이후 2,069K로 21% 증가할 것으로 보임. 3. ASIC 서버 비중은 38%에서 40%로, 이후 45%로 증가할 것으로 추정됨. 4. ASIC은 추론 서버뿐만 아니라 훈련용으로도 사용되고 있음. 5. 훈련용 ASIC 서버는 모듈형 베이스보드 기반으로 데이터센터 공간을 맞춤화할 수 있음. 6. 예산 부담이 낮아지는 장점이 있음. 7. CSP 5사의 CAPEX 증가율은 67%에서 23%, 이후 15%로 감소할 것으로 예상됨. 8. 중국 CSP의 CAPEX는 55%에서 8%, 이후 6%로 감소할 것으로 추정됨.","AI서버, ASIC, 출하량, 훈련용, 데이터센터, CAPEX, CSP",긍정적
bornlupin,1001513828114,2025-10-26T13:22:27+00:00,2025-10-26 13:22:27,Company;Memory,"**엔비디아 CEO 젠슨 황, 15년 만에 첫 방한 — APEC 기업 정상회의에서 연설 예정**

대한민국이 주최하는 2025 아시아태평양경제협력체(APEC) 기업 정상회의의 **최대 하이라이트 중 하나는 엔비디아(NVIDIA) CEO 젠슨 황(Jensen Huang) 의 참석이다. 그는 15년 만에 처음으로 한국을 방문하며, 이번 회의에서 공식 연설을 진행할 예정**이다.

**한국시간 10월 31일 오후 4시(대만시간 오후 5시) 예정된 황 CEO의 연설은, AI(인공지능), 로보틱스, 디지털 트윈(Digital Twin), 자율주행 기술 등을 아우르며 기술 혁신 가속화와 글로벌 성장에 대한 엔비디아의 비전을 공유할 것**으로 알려졌다.

**그의 AI 업계 내 영향력을 고려할 때, 이번 참석은 회의의 국제적 주목도를 크게 높일 것으로 기대된다.**
**SK그룹 최태원 회장(현 APEC 기업 정상회의 의장) 이 직접 황 CEO에게 초청장을 전달**했으며, 이를 통해 회의의 위상을 강화했다. **업계는 젠슨 황이 최태원 회장, 삼성전자 이재용 회장 등 주요 한국 기업 총수들과 별도 회담을 갖고 AI 동맹 및 협력 방안을 논의할 가능성이 높다고 보고 있다**. SK와 삼성은 모두 엔비디아의 주요 메모리 공급사이다.

이 밖에도** 아마존웹서비스(AWS) CEO 매트 가먼(Matt Garman), 메타 아태지역 공공정책 부사장 사이먼 밀너(Simon Milner), 마이크로소프트 기업부문 부사장 앤서니 쿡(Antony Cook) 및 울리히 호만(Ulrich Homann), 구글 아태지역 마케팅 총괄 사이먼 칸(Simon Kahn) 등 글로벌 대기업 임원들이 참석을 확정**했다.
한국 대기업인 **삼성·현대·LG를 비롯해, 전 세계 약 1,700명의 기업 대표단이 이번 회의에 참가**한다.

대한상공회의소(KCCI) 는 이번 기업 정상회의가 예년과 달리, **기업인들이 각국 총리 및 장관들과 1:1로 직접 회담을 진행하며 투자 및 협력 기회를 모색할 수 있는 장이 될 것**이라고 밝혔다.
딜로이트(Deloitte) 와 KCCI는 **이번 회의의 경제적 효과가 약 7.4조 원(약 52억 달러) 에 달하며, 2만 2천 개 이상의 일자리 창출 효과가 있을 것으로 전망**했다.

https://money.udn.com/money/story/5599/9097276?from=edn_maintab_index","**엔비디아 CEO 젠슨 황, 15년 만에 첫 방한 — APEC 기업 정상회의에서 연설 예정** 대한민국이 주최하는 2025 아시아태평양경제협력체(APEC) 기업 정상회의의 **최대 하이라이트 중 하나는 엔비디아(NVIDIA) CEO 젠슨 황(Jensen Huang) 의 참석이다. 그는 15년 만에 처음으로 한국을 방문하며, 이번 회의에서 공식 연설을 진행할 예정**이다. **한국시간 10월 31일 오후 4시(대만시간 오후 5시) 예정된 황 CEO의 연설은, AI(인공지능), 로보틱스, 디지털 트윈(Digital Twin), 자율주행 기술 등을 아우르며 기술 혁신 가속화와 글로벌 성장에 대한 엔비디아의 비전을 공유할 것**으로 알려졌다. **그의 AI 업계 내 영향력을 고려할 때, 이번 참석은 회의의 국제적 주목도를 크게 높일 것으로 기대된다.** **SK그룹 최태원 회장(현 APEC 기업 정상회의 의장) 이 직접 황 CEO에게 초청장을 전달**했으며, 이를 통해 회의의 위상을 강화했다. **업계는 젠슨 황이 최태원 회장, 삼성전자 이재용 회장 등 주요 한국 기업 총수들과 별도 회담을 갖고 AI 동맹 및 협력 방안을 논의할 가능성이 높다고 보고 있다**. SK와 삼성은 모두 엔비디아의 주요 메모리 공급사이다. 이 밖에도** 아마존웹서비스(AWS) CEO 매트 가먼(Matt Garman), 메타 아태지역 공공정책 부사장 사이먼 밀너(Simon Milner), 마이크로소프트 기업부문 부사장 앤서니 쿡(Antony Cook) 및 울리히 호만(Ulrich Homann), 구글 아태지역 마케팅 총괄 사이먼 칸(Simon Kahn) 등 글로벌 대기업 임원들이 참석을 확정**했다. 한국 대기업인 **삼성·현대·LG를 비롯해, 전 세계 약 1,700명의 기업 대표단이 이번 회의에 참가**한다. 대한상공회의소(KCCI) 는 이번 기업 정상회의가 예년과 달리, **기업인들이 각국 총리 및 장관들과 1:1로 직접 회담을 진행하며 투자 및 협력 기회를 모색할 수 있는 장이 될 것**이라고 밝혔다. 딜로이트(Deloitte) 와 KCCI는 **이번 회의의 경제적 효과가 약 7.4조 원(약 52억 달러) 에 달하며, 2만 2천 개 이상의 일자리 창출 효과가 있을 것으로 전망**했다. https://money.udn.com/money/story/5599/9097276?from=edn_maintab_index",1189,"1. 엔비디아 CEO 젠슨 황이 15년 만에 한국을 방문함. 2. 그는 2025 APEC 기업 정상회의에서 공식 연설을 진행할 예정임. 3. 연설 주제는 AI, 로보틱스, 디지털 트윈, 자율주행 기술 등 기술 혁신과 글로벌 성장에 대한 비전임. 4. 그의 참석은 회의의 국제적 주목도를 높일 것으로 기대됨. 5. SK그룹 최태원 회장이 직접 초청장을 전달하여 회의의 위상을 강화했음. 6. 젠슨 황이 주요 한국 기업 총수들과 AI 동맹 및 협력 방안을 논의할 가능성이 높음. 7. 아마존웹서비스, 메타, 마이크로소프트, 구글 등 글로벌 대기업 임원들이 참석을 확정했음. 8. 삼성, 현대, LG 등 한국 대기업과 약 1,700명의 기업 대표단이 회의에 참가함. 9. 기업인들이 각국 총리 및 장관들과 1:1 회담을 진행하며 투자 및 협력 기회를 모색할 것임. 10. 이번 회의의 경제적 효과는 약 7.4조 원에 달하며, 2만 2천 개 이상의 일자리 창출 효과가 있을 것으로 전망됨.","엔비디아, 젠슨 황, APEC, AI, 기술 혁신, 글로벌 성장, SK그룹, 기업 정상회의, 투자, 일자리 창출",긍정적
bornlupin,1001513828114,2025-10-26T12:46:08+00:00,2025-10-26 12:46:08,Company;Memory;Product;Tech,"[하나증권 반도체 김록호/김영규] 
Industry Research

링크: https://vo.la/ZCUoXGh

반도체/소부장(Overweight): 거침없는 질주

■ 데이터 포인트 및 주간 리뷰: 메모리 가격 상승폭 확대

10월 20일까지 영업일 평균 메모리 수출 금액은 전년동월대비 69% 증가한 5.2억 달러를 기록. 구체적으로 DRAM의 영업일 평균 수출 금액은 전년동월대비 104% 증가한 1.9억 달러를 기록했고, NAND는 전년동월대비 58% 증가한 3,479만 달러를 달성. 황금 연휴 영향으로 영업일수가 짧았음에도 불구하고, 타이트한 메모리 수급에 의한 메모리 가격 상승이 확인되고 있는 것으로 추정

Trend Force에서 25년 4분기 계약 가격 전망치를 재차 상향. 상향 조정의 배경에는 CSP들로부터 추가 주문을 받으면서, DRAM 가격이 전분기대비 20% 이상 인상되는 과정이 반영된 것으로 보임. 구체적으로 PC DRAM의 Blended ASP는 기존 3~8%에서 18~23%로 상향됐고, Server향은 기존 5~10%에서 15~20%로 상향. Mobile향 또한 LPD5와 LPD4 모두 기존 8~13%, 15~20%에서 20~25%, 18~23%로 상향. 종합적으로 Conventional DRAM은 기존 8~13%에서 18~23%로 상향되었고, HBM의 Blended ASP도 기존 13~18%에서 23~28%로 상향

코스피 지수는 5.1% 상승하며 3주 연속 양호한 흐름이 이어짐. 삼성전자 주가는 0.9% 상승에 그치며 2주 연속 지수를 하회했다. SK하이닉스 주가는 9.6% 상승하며 3주 연속 지수를 상회. 일반 DRAM 가격 중심으로 상승하는 구간에서도 SK하이닉스 주가가 상대적으로 양호한 이유는 삼성전자와 달리 전사 실적이 온전히 메모리에 노출되어 있기 때문으로 판단

하나증권 커버리지 소부장 업체들은 코스닥 지수의 반등과 함께 대체로 양호한 주가 흐름을 시현. 지난 주에 이어 브이엠의 주가가 10.1% 상승하며 아웃퍼폼을 크게 했음. 지난 주에 쉬었던 테스의 주가 역시 6.4% 상승하며 반등에 성공했음. 이는 지속 언급하고 있는 것처럼 SK하이닉스의 M15X 및 1c 나노 전환 투자에 대한 기대감 때문으로 추정. 연말/연시에 관련 수주 공시가 나올 것으로 예상되는데, 그 이전까지 장비 업체들에 대한 투자전략은 여전히 유효하다고 판단

■ 전망 및 전략: 비중확대 전략 유지. 국내 메모리 실적발표

글로벌 반도체 서플라이체인들의 실적발표가 지속중. 지난 주에 주목할 만한 코멘트는 Lam Research가 AI 데이터센터 투자액 1,000억 달러 당 WFE 지출액이 80억 달러 증가한다고 언급한 부분임. 24년 하반기 이후부터 AI 관련 수혜가 분기를 거듭할 수록 확대 및 다변화되고 있는 것이 다시 한번 확인됨. 보다 구체적인 숫자를 언급하는 업체들이 많아졌음

29일에 SK하이닉스, 30일에 삼성전자의 실적이 발표될 예정. 3분기 견조한 가격 확인과 4분기 업황 및 분위기에 대해 어떻게 언급할지 기대. 최근 서버발 강한 수요로 인해 메모리 가격의 급상승과 업황의 중장기 가시성이 확보되고 있는 만큼 긍정적인 코멘트를 할 것으로 예상. 실적 발표 이후에 두 업체의 2026년 연간 실적 컨센서스가 큰 폭으로 상향될 것으로 판단

11월 1일에 한국 10월 수출액 잠정치가 발표됨. 21일까지의 수출금액은 추석 연휴가 있었음에도 양호한 숫자가 확인되었음. 3분기 중에 메모리 가격 상승폭이 예상보다 강하게 나왔고, 4분기 가격도 상향 조정 정황이 포착되고 있는 만큼 10월 월간 수출액도 전년동월 및 전월대비 양호한 데이터가 확인될 것으로 예상

■ 미국 반도체 기업 업데이트

AMD는 8.5% 상승했음. IBM이 AMD의 FPGA 칩에서 양자 오류 수정 알고리즘을 실행할 수 있음을 보여주는 논문을 발표할 것이라고 언급한 후에 주가가 긍정적으로 반응했음

Micron도 8% 상승했음. 192GB 크기의 SOCAMM2 고객 샘플링 발표가 긍정적이었음

Lam Research는 7% 상승했음. 미국의 Affiliates Rule(계열사 규칙)에도 불구하고, AI 수요를 기반으로 긍정적인 가이던스를 제시한 영향

■ 대만 반도체 기업 업데이트

Nanya는 15% 상승했음. 메모리 업황 개선에 힘입어 4분기에도 DDR4 가격 상승을 전망하면서 기대감이 지속중

MXIC는 12% 상승했음. NAND 업황 개선 전망에 따라 NAND 업체들 수혜가 지속되는 가운데, 닌텐도가 공급업체들에게 내년 1분기까지 최대 2,500만대 추가 생산량을 요구했다고 전해짐. MXIC는 닌텐도의 주요 공급업체로 알려져있음

Global Unichip은 10% 상승했음. Global Unichip은 Microsoft의 ASIC 밸류체인인데, Intel이 Microsoft의 Maia3 수주 소식에 ASIC 기대감이 반응한 것으로 보임

(컴플라이언스 승인을 득함)","[하나증권 반도체 김록호/김영규] Industry Research 링크: https://vo.la/ZCUoXGh 반도체/소부장(Overweight): 거침없는 질주 ■ 데이터 포인트 및 주간 리뷰: 메모리 가격 상승폭 확대 10월 20일까지 영업일 평균 메모리 수출 금액은 전년동월대비 69% 증가한 5.2억 달러를 기록. 구체적으로 DRAM의 영업일 평균 수출 금액은 전년동월대비 104% 증가한 1.9억 달러를 기록했고, NAND는 전년동월대비 58% 증가한 3,479만 달러를 달성. 황금 연휴 영향으로 영업일수가 짧았음에도 불구하고, 타이트한 메모리 수급에 의한 메모리 가격 상승이 확인되고 있는 것으로 추정 Trend Force에서 25년 4분기 계약 가격 전망치를 재차 상향. 상향 조정의 배경에는 CSP들로부터 추가 주문을 받으면서, DRAM 가격이 전분기대비 20% 이상 인상되는 과정이 반영된 것으로 보임. 구체적으로 PC DRAM의 Blended ASP는 기존 3~8%에서 18~23%로 상향됐고, Server향은 기존 5~10%에서 15~20%로 상향. Mobile향 또한 LPD5와 LPD4 모두 기존 8~13%, 15~20%에서 20~25%, 18~23%로 상향. 종합적으로 Conventional DRAM은 기존 8~13%에서 18~23%로 상향되었고, HBM의 Blended ASP도 기존 13~18%에서 23~28%로 상향 코스피 지수는 5.1% 상승하며 3주 연속 양호한 흐름이 이어짐. 삼성전자 주가는 0.9% 상승에 그치며 2주 연속 지수를 하회했다. SK하이닉스 주가는 9.6% 상승하며 3주 연속 지수를 상회. 일반 DRAM 가격 중심으로 상승하는 구간에서도 SK하이닉스 주가가 상대적으로 양호한 이유는 삼성전자와 달리 전사 실적이 온전히 메모리에 노출되어 있기 때문으로 판단 하나증권 커버리지 소부장 업체들은 코스닥 지수의 반등과 함께 대체로 양호한 주가 흐름을 시현. 지난 주에 이어 브이엠의 주가가 10.1% 상승하며 아웃퍼폼을 크게 했음. 지난 주에 쉬었던 테스의 주가 역시 6.4% 상승하며 반등에 성공했음. 이는 지속 언급하고 있는 것처럼 SK하이닉스의 M15X 및 1c 나노 전환 투자에 대한 기대감 때문으로 추정. 연말/연시에 관련 수주 공시가 나올 것으로 예상되는데, 그 이전까지 장비 업체들에 대한 투자전략은 여전히 유효하다고 판단 ■ 전망 및 전략: 비중확대 전략 유지. 국내 메모리 실적발표 글로벌 반도체 서플라이체인들의 실적발표가 지속중. 지난 주에 주목할 만한 코멘트는 Lam Research가 AI 데이터센터 투자액 1,000억 달러 당 WFE 지출액이 80억 달러 증가한다고 언급한 부분임. 24년 하반기 이후부터 AI 관련 수혜가 분기를 거듭할 수록 확대 및 다변화되고 있는 것이 다시 한번 확인됨. 보다 구체적인 숫자를 언급하는 업체들이 많아졌음 29일에 SK하이닉스, 30일에 삼성전자의 실적이 발표될 예정. 3분기 견조한 가격 확인과 4분기 업황 및 분위기에 대해 어떻게 언급할지 기대. 최근 서버발 강한 수요로 인해 메모리 가격의 급상승과 업황의 중장기 가시성이 확보되고 있는 만큼 긍정적인 코멘트를 할 것으로 예상. 실적 발표 이후에 두 업체의 2026년 연간 실적 컨센서스가 큰 폭으로 상향될 것으로 판단 11월 1일에 한국 10월 수출액 잠정치가 발표됨. 21일까지의 수출금액은 추석 연휴가 있었음에도 양호한 숫자가 확인되었음. 3분기 중에 메모리 가격 상승폭이 예상보다 강하게 나왔고, 4분기 가격도 상향 조정 정황이 포착되고 있는 만큼 10월 월간 수출액도 전년동월 및 전월대비 양호한 데이터가 확인될 것으로 예상 ■ 미국 반도체 기업 업데이트 AMD는 8.5% 상승했음. IBM이 AMD의 FPGA 칩에서 양자 오류 수정 알고리즘을 실행할 수 있음을 보여주는 논문을 발표할 것이라고 언급한 후에 주가가 긍정적으로 반응했음 Micron도 8% 상승했음. 192GB 크기의 SOCAMM2 고객 샘플링 발표가 긍정적이었음 Lam Research는 7% 상승했음. 미국의 Affiliates Rule(계열사 규칙)에도 불구하고, AI 수요를 기반으로 긍정적인 가이던스를 제시한 영향 ■ 대만 반도체 기업 업데이트 Nanya는 15% 상승했음. 메모리 업황 개선에 힘입어 4분기에도 DDR4 가격 상승을 전망하면서 기대감이 지속중 MXIC는 12% 상승했음. NAND 업황 개선 전망에 따라 NAND 업체들 수혜가 지속되는 가운데, 닌텐도가 공급업체들에게 내년 1분기까지 최대 2,500만대 추가 생산량을 요구했다고 전해짐. MXIC는 닌텐도의 주요 공급업체로 알려져있음 Global Unichip은 10% 상승했음. Global Unichip은 Microsoft의 ASIC 밸류체인인데, Intel이 Microsoft의 Maia3 수주 소식에 ASIC 기대감이 반응한 것으로 보임 (컴플라이언스 승인을 득함)",2421,"1. 반도체 시장에서 메모리 가격 상승폭이 확대되었음. 2. 10월 20일까지 메모리 수출 금액이 전년동월대비 69% 증가한 5.2억 달러를 기록했음. 3. DRAM은 104% 증가한 1.9억 달러, NAND는 58% 증가한 3,479만 달러를 달성했음. 4. 메모리 가격 상승은 타이트한 수급에 의해 확인되고 있음. 5. Trend Force는 25년 4분기 계약 가격 전망치를 상향 조정했음. 6. DRAM 가격이 전분기대비 20% 이상 인상될 것으로 보이며, PC DRAM의 Blended ASP가 18~23%로 상향되었음. 7. SK하이닉스 주가는 9.6% 상승하며 양호한 흐름을 보였음. 8. 하나증권 커버리지 소부장 업체들은 대체로 양호한 주가 흐름을 시현했음. 9. SK하이닉스의 M15X 및 1c 나노 전환 투자에 대한 기대감이 주가 상승에 기여했음. 10. 글로벌 반도체 서플라이체인 실적 발표가 지속되고 있으며, AI 관련 수혜가 확대되고 있음. 11. 29일 SK하이닉스, 30일 삼성전자의 실적 발표가 예정되어 있으며 긍정적인 코멘트가 예상됨. 12. 11월 1일 한국 10월 수출액 잠정치 발표가 예정되어 있으며 양호한 데이터가 확인될 것으로 예상됨.","반도체, 메모리 가격, DRAM, NAND, Trend Force, SK하이닉스, 삼성전자, AI 수혜, 수출액, 소부장 업체",긍정적
jake8lee,1001150586161,2025-10-26T05:47:13+00:00,2025-10-26 05:47:13,Company;Memory;Product;Tech,"1. 증설 싸이클이 아닌 현싸이클에선 내가 테크에 엄청난 엣지가 있지 않은 이상 어설프게 소부장 할바엔 칩메이커가 가장 유효한 선택

2. 앵간한 소부장들 다 forward 이익 기준 20-30배 받는데 증설이 제한적이라 메이커들이 가장 수혜를 받을게 자명한 현 싸이클에서 메이커들은 정작 7-8배? 절대적으로 너무 저렴한 상황, 그리고 개인적으론 하이닉스가 삼성전자 대베 이렇게 까지 싸야할 이유를 연초부터 계속 찾는데 못찾는중..

3. 디램/낸드 메이커들의 독과점이 스마트폰 개화기보다 훨씬 더 강력크해졌고 AI의 개화기가 촉발하는 각종 메모리/비메모리 반도체 수요 증가는 스마트폰때보다 훨씬 크다 : 아이폰 출시 당시 보다 수요는 훨씬 더 큰데 공급은 훨씬 더 제약되어 있다.

이번 싸이클에서 칩메이커들을 쉽게 매도하면 후회할 여러 이유들 중 몇까지 끄적여봄

변곡점 투자","1. 증설 싸이클이 아닌 현싸이클에선 내가 테크에 엄청난 엣지가 있지 않은 이상 어설프게 소부장 할바엔 칩메이커가 가장 유효한 선택 2. 앵간한 소부장들 다 forward 이익 기준 20-30배 받는데 증설이 제한적이라 메이커들이 가장 수혜를 받을게 자명한 현 싸이클에서 메이커들은 정작 7-8배? 절대적으로 너무 저렴한 상황, 그리고 개인적으론 하이닉스가 삼성전자 대베 이렇게 까지 싸야할 이유를 연초부터 계속 찾는데 못찾는중.. 3. 디램/낸드 메이커들의 독과점이 스마트폰 개화기보다 훨씬 더 강력크해졌고 AI의 개화기가 촉발하는 각종 메모리/비메모리 반도체 수요 증가는 스마트폰때보다 훨씬 크다 : 아이폰 출시 당시 보다 수요는 훨씬 더 큰데 공급은 훨씬 더 제약되어 있다. 이번 싸이클에서 칩메이커들을 쉽게 매도하면 후회할 여러 이유들 중 몇까지 끄적여봄 변곡점 투자",437,"1. 현 싸이클에서 테크에 엣지가 없다면 소부장보다는 칩메이커가 유효한 선택임. 2. 소부장들이 forward 이익 기준으로 20-30배를 받는데 비해, 메이커들은 7-8배로 저렴한 상황임. 3. 디램/낸드 메이커들의 독과점이 스마트폰 개화기보다 강력해졌음. 4. AI의 개화기가 촉발하는 반도체 수요 증가는 스마트폰 때보다 훨씬 크고, 공급은 제약되어 있음. 5. 이번 싸이클에서 칩메이커를 쉽게 매도하면 후회할 이유가 많음.","칩메이커, 소부장, 디램, 낸드, 독과점, AI, 반도체, 수요, 공급, 투자",긍정적
cahier_de_market,1001883361144,2025-10-25T23:35:09+00:00,2025-10-25 23:35:09,Company;Memory;Product,"**메모리 반도체의 ‘대시대’ 도래? — AI가 불러온 초대형 슈퍼사이클, 셰진허 “장기 상승 주기 형성 가능”**

최근 메모리 반도체 업종이 전 세계 시장의 초점으로 떠오르고 있다.
대만 증시의 Nanya Tech, Winbond 주가가 폭등했을 뿐만 아니라,
한국의 삼성전자, SK하이닉스, 미국의 마이크론(Micron) 도 일제히 강세를 보이며
**외국계 기관들은 이번 사이클을 “슈퍼사이클(Super Cycle)”로 규정하고 있다.
**
재신미디어그룹의 셰진허 회장은
**“AI 수요가 지속적으로 메모리 시장을 밀어올리며, 과거에 없던 상승 국면이 전개되고 있다”며
“대만 투자자에게는 이번 흐름이 기회이자 도전이 될 것”**이라고 분석했다.

**
🔹 “메모리의 대시대가 열렸다”**

셰진허는 25일 페이스북에 〈메모리의 대시대〉라는 글을 게시하며 다음과 같이 밝혔다.

**일본 낸드플래시(NAND Flash) 대기업 키옥시아(Kioxia)의 주가가 단 하루에 19.13% 급등,
올해 초 1,440엔에서 8,870엔까지 치솟으며 무려 516% 상승**했다.
이는 닛케이 지수의 가장 큰 상승 동력으로 작용했다.

한편, 한국 증시 역시 연초 대비 64.27% 급등,
그 중심에는 SK하이닉스의 폭발적 상승세가 있었다.
24일에는 마침내 50만 원 고지를 돌파했다.
삼성전자 역시 49,900원 → 99,900원으로 두 배 상승했다.

**
🔹 “반도체력이 곧 국력이다”**

그는 일본 언론 보도를 인용하며
**“현재 글로벌 반도체 산업의 핵심 국가는 미국, 대만, 한국, 일본, 네덜란드**”라며
이들 국가의 증시가 연이어 사상 최고치를 경신하고 있다고 언급했다.
이는 자신이 과거에 강조했던 반도체력이 곧 국력이다라는 견해를 다시 입증한 셈이라고 덧붙였다.

셰진허는 각국의 대표 반도체 기업을 다음과 같이 꼽았다.

네덜란드: ASML

한국: 삼성전자, SK하이닉스

일본: Tokyo Electron, Advantest, Kioxia

대만: TSMC

미국: NVIDIA, Broadcom(AVGO), AMD 및 다양한 장비 공급업체들

또한 그는, SanDisk의 주가가 24일 하루 동안 +11.44% 급등 (27.8달러 → 187.36달러) 하며
플래시 메모리 시장의 또 다른 주역으로 부상했다고 언급했다.


**🔹 “AI가 공급망 구조를 재편 — 장기 사이클 진입 가능성”**

셰진허는 **과거 메모리 산업이 “경기 순환형(cyclical) 산업”으로 평가받으며
상승과 하락이 매우 급격했지만,
AI가 공급·수요 구조를 근본적으로 바꾸고 있다고 분석**했다.

그는 이렇게 덧붙였다.

**“AI는 단기 사이클이 아닌, 장기적 구조적 상승 주기(Long Cycle) 를 만들어내고 있다.”**

현재 **HBM(고대역폭 메모리) 생산 집중으로 인한 DDR5·DDR4 공급 부족,
그리고 NAND Flash·SSD의 공급 타이트 현상이 동시에 발생하며
시장 전반이 과거와 전혀 다른 국면으로 진입**하고 있다고 설명했다.
이로 인해 Phison(群聯), ADATA(威剛) 등 대만 메모리 업체들이 이번 사이클의 큰 수혜주로 부상하고 있다.

https://www.ctee.com.tw/news/20251025700433-430502","**메모리 반도체의 ‘대시대’ 도래? — AI가 불러온 초대형 슈퍼사이클, 셰진허 “장기 상승 주기 형성 가능”** 최근 메모리 반도체 업종이 전 세계 시장의 초점으로 떠오르고 있다. 대만 증시의 Nanya Tech, Winbond 주가가 폭등했을 뿐만 아니라, 한국의 삼성전자, SK하이닉스, 미국의 마이크론(Micron) 도 일제히 강세를 보이며 **외국계 기관들은 이번 사이클을 “슈퍼사이클(Super Cycle)”로 규정하고 있다. ** 재신미디어그룹의 셰진허 회장은 **“AI 수요가 지속적으로 메모리 시장을 밀어올리며, 과거에 없던 상승 국면이 전개되고 있다”며 “대만 투자자에게는 이번 흐름이 기회이자 도전이 될 것”**이라고 분석했다. ** 🔹 “메모리의 대시대가 열렸다”** 셰진허는 25일 페이스북에 〈메모리의 대시대〉라는 글을 게시하며 다음과 같이 밝혔다. **일본 낸드플래시(NAND Flash) 대기업 키옥시아(Kioxia)의 주가가 단 하루에 19.13% 급등, 올해 초 1,440엔에서 8,870엔까지 치솟으며 무려 516% 상승**했다. 이는 닛케이 지수의 가장 큰 상승 동력으로 작용했다. 한편, 한국 증시 역시 연초 대비 64.27% 급등, 그 중심에는 SK하이닉스의 폭발적 상승세가 있었다. 24일에는 마침내 50만 원 고지를 돌파했다. 삼성전자 역시 49,900원 → 99,900원으로 두 배 상승했다. ** 🔹 “반도체력이 곧 국력이다”** 그는 일본 언론 보도를 인용하며 **“현재 글로벌 반도체 산업의 핵심 국가는 미국, 대만, 한국, 일본, 네덜란드**”라며 이들 국가의 증시가 연이어 사상 최고치를 경신하고 있다고 언급했다. 이는 자신이 과거에 강조했던 반도체력이 곧 국력이다라는 견해를 다시 입증한 셈이라고 덧붙였다. 셰진허는 각국의 대표 반도체 기업을 다음과 같이 꼽았다. 네덜란드: ASML 한국: 삼성전자, SK하이닉스 일본: Tokyo Electron, Advantest, Kioxia 대만: TSMC 미국: NVIDIA, Broadcom(AVGO), AMD 및 다양한 장비 공급업체들 또한 그는, SanDisk의 주가가 24일 하루 동안 +11.44% 급등 (27.8달러 → 187.36달러) 하며 플래시 메모리 시장의 또 다른 주역으로 부상했다고 언급했다. **🔹 “AI가 공급망 구조를 재편 — 장기 사이클 진입 가능성”** 셰진허는 **과거 메모리 산업이 “경기 순환형(cyclical) 산업”으로 평가받으며 상승과 하락이 매우 급격했지만, AI가 공급·수요 구조를 근본적으로 바꾸고 있다고 분석**했다. 그는 이렇게 덧붙였다. **“AI는 단기 사이클이 아닌, 장기적 구조적 상승 주기(Long Cycle) 를 만들어내고 있다.”** 현재 **HBM(고대역폭 메모리) 생산 집중으로 인한 DDR5·DDR4 공급 부족, 그리고 NAND Flash·SSD의 공급 타이트 현상이 동시에 발생하며 시장 전반이 과거와 전혀 다른 국면으로 진입**하고 있다고 설명했다. 이로 인해 Phison(群聯), ADATA(威剛) 등 대만 메모리 업체들이 이번 사이클의 큰 수혜주로 부상하고 있다. https://www.ctee.com.tw/news/20251025700433-430502",1605,"1. 메모리 반도체 업종이 전 세계 시장의 초점으로 떠올랐음. 2. 대만 증시의 Nanya Tech, Winbond 주가가 폭등했으며, 삼성전자, SK하이닉스, 마이크론도 강세를 보였음. 3. 외국계 기관들은 이번 사이클을 “슈퍼사이클”로 규정하고 있음. 4. 셰진허 회장은 AI 수요가 메모리 시장을 밀어올리며 과거에 없던 상승 국면이 전개되고 있다고 분석했음. 5. 일본 키옥시아의 주가가 하루에 19.13% 급등하며, 한국 증시도 SK하이닉스의 상승세로 64.27% 급등했음. 6. 셰진허는 글로벌 반도체 산업의 핵심 국가로 미국, 대만, 한국, 일본, 네덜란드를 언급하며 이들 국가의 증시가 사상 최고치를 경신하고 있다고 강조했음. 7. AI가 공급망 구조를 재편하고 있으며, 메모리 산업이 장기적 구조적 상승 주기로 진입할 가능성이 높아지고 있음을 설명했음. 8. HBM 생산 집중으로 인한 공급 부족과 NAND Flash·SSD의 공급 타이트 현상이 발생하고 있으며, 대만 메모리 업체들이 이번 사이클의 큰 수혜주로 부상하고 있음.","메모리 반도체, 슈퍼사이클, AI 수요, 키옥시아, SK하이닉스, 공급망 구조, HBM, NAND Flash, 대만 메모리 업체",긍정적
cahier_de_market,1001883361144,2025-10-25T00:39:22+00:00,2025-10-25 00:39:22,Company;Memory;Product,"**Kristina Partsinevelos(CNBC 반도체 담당 통신원)**

- 인텔 CFO 데이브 진스너와 방금 통화했습니다. **데이터 센터 교체가 ""예상보다 빠르게"" 진행되고 있으며 공급이 부족**합니다. 1분기에는 기존 재고를 처리할 예정이지만, **2분기와 잠재적으로 3분기에는 공급이 제한될 것으로 예상**됩니다.


** 인텔의 **PC/데이터센터 교체로 공급부족** 언급 이후 인텔은 오히려 보합 마감했지만 **메모리 반도체 쪽이 급등**","**Kristina Partsinevelos(CNBC 반도체 담당 통신원)** - 인텔 CFO 데이브 진스너와 방금 통화했습니다. **데이터 센터 교체가 ""예상보다 빠르게"" 진행되고 있으며 공급이 부족**합니다. 1분기에는 기존 재고를 처리할 예정이지만, **2분기와 잠재적으로 3분기에는 공급이 제한될 것으로 예상**됩니다. ** 인텔의 **PC/데이터센터 교체로 공급부족** 언급 이후 인텔은 오히려 보합 마감했지만 **메모리 반도체 쪽이 급등**",255,1. 인텔 CFO 데이브 진스너와 통화했음. 2. 데이터 센터 교체가 예상보다 빠르게 진행되고 있음. 3. 공급이 부족함. 4. 1분기에는 기존 재고를 처리할 예정임. 5. 2분기와 잠재적으로 3분기에는 공급이 제한될 것으로 예상됨. 6. 인텔의 PC/데이터센터 교체로 공급 부족 언급 이후 인텔은 보합 마감했음. 7. 메모리 반도체 쪽이 급등했음.,"인텔, CFO, 데이터 센터, 공급 부족, 1분기, 2분기, 3분기, PC, 메모리 반도체",중립적
beluga_investment,1001675449168,2025-10-24T01:56:41+00:00,2025-10-24 01:56:41,Product,"**251024_트럼프 행정부, AI 데이터센터 전력 연결 절차 가속화 추진 - Bloomberg 

[Contents] **

(1) 트럼프 행정부가 폭발적으로 성장하고 있는 데이터센터 산업이 전력망에 연결되는 절차를 대폭 가속화하도록 규제 당국을 압박하고 있음

(2) 미국 에너지부[DoE] 장관 Chris Wright는 전일 연방 에너지 규제위원회[FERC]에 서한을 보내, ""데이터센터 전력망 연결 신청에 대한 신속 심사[Expedited Review]를 허용해달라고 요청

(3) 우리가 입수한 문서에 따르면, Wright 장관이 발송한 **해당 초안에는 심사 기간을 최대 60일로 제한하는 내용**을 담고 있음
■ 1) 새로운 발전소 건설 계획을 포함하거나, 2) 전력망이 과부하 상태일 때는 사용량을 줄이겠다는 약속[?]을 할 경우 신속 심사 자격을 얻을 수 있음

(4) 이는 현재 수년이 걸릴 수 있는 기존 절차 대비 매우 큰 변화로 평가됨 

(5) 심사 속도 향상은 트럼프 대통령의 AI 산업 비전 실현, 그리고 더 나아가 중국과의 기술 패권 경쟁에서 미국이 우위를 점하기 위한 핵심 산업 확대를 가능케 할 것

(6) 또한 하이퍼스케일러들에게도 큰 도움이 될 것으로 평가됨

(7) 왜냐하면 하이퍼스케일러들은 막대한 전력 사용량으로 인해 지역 유틸리티 업체들의 전기요금 인상 우려가 지속적으로 제기되어 왔기 때문

(8) 한편 이러한 조치는 유틸리티 업계 경영진들도 오랫동안 기대해 온 조치 

(9) 이는 FERC가 과거 Talen Energy의 요청을 거부한 사건 이후 특히 주목 받고 있음

(10) 당시 Talen Energy는 펜실베이니아의 원자력 발전소에서 Amazon 데이터센터로 직접 전력을 공급하려 했으나, FERC가 이를 승인하지 않았음

(11) 한편 이번 제안은 데이터센터, 제조업 신공장[반도체, 전기차 등] 등으로 인한 전력 수요 급등을 우려하는 일부 주 정부의 반발을 초래할 가능성도 있음

(12) 전력망 부담이 커지면서 일반 가정의 전기요금 상승으로 이어질 수 있기 때문

**-

[Implication] **

(1) 트럼프 행정부는 AI 데이터센터 전력망 연결 절차를 60일 이내로 단축하는 규칙을 추진하고 있는 것으로 알려짐

(2) 이는 미국의 AI 산업 확대 및 제조업 부활을 지원하기 위한 국가 전략의 일환

(3) 하지만 전력 수요 급증과 지역 전기요금 인상 우려로 인해 주정부의 반발 가능성도 존재

(4) 그러나 신규 발전소 건설 또는 전력 절감 계획을 포함한 데이터센터는 신속 심사 대상이 될 수 있음!

**(5) 즉, AI/클라우드 산업과 전력 정책이 본격적으로 연결되는 ""AI Computing Energy""의 시대가 가속화 될 수 있음

(6) 이에 따라 다양한 발전원에 대해 즉시적 수요 대응이 가능한 인프라 밸류체인[전력기기 등]가 구조적으로 수혜를 누릴 수 있을 것으로 판단 됨**","**251024_트럼프 행정부, AI 데이터센터 전력 연결 절차 가속화 추진 - Bloomberg [Contents] ** (1) 트럼프 행정부가 폭발적으로 성장하고 있는 데이터센터 산업이 전력망에 연결되는 절차를 대폭 가속화하도록 규제 당국을 압박하고 있음 (2) 미국 에너지부[DoE] 장관 Chris Wright는 전일 연방 에너지 규제위원회[FERC]에 서한을 보내, ""데이터센터 전력망 연결 신청에 대한 신속 심사[Expedited Review]를 허용해달라고 요청 (3) 우리가 입수한 문서에 따르면, Wright 장관이 발송한 **해당 초안에는 심사 기간을 최대 60일로 제한하는 내용**을 담고 있음 ■ 1) 새로운 발전소 건설 계획을 포함하거나, 2) 전력망이 과부하 상태일 때는 사용량을 줄이겠다는 약속[?]을 할 경우 신속 심사 자격을 얻을 수 있음 (4) 이는 현재 수년이 걸릴 수 있는 기존 절차 대비 매우 큰 변화로 평가됨 (5) 심사 속도 향상은 트럼프 대통령의 AI 산업 비전 실현, 그리고 더 나아가 중국과의 기술 패권 경쟁에서 미국이 우위를 점하기 위한 핵심 산업 확대를 가능케 할 것 (6) 또한 하이퍼스케일러들에게도 큰 도움이 될 것으로 평가됨 (7) 왜냐하면 하이퍼스케일러들은 막대한 전력 사용량으로 인해 지역 유틸리티 업체들의 전기요금 인상 우려가 지속적으로 제기되어 왔기 때문 (8) 한편 이러한 조치는 유틸리티 업계 경영진들도 오랫동안 기대해 온 조치 (9) 이는 FERC가 과거 Talen Energy의 요청을 거부한 사건 이후 특히 주목 받고 있음 (10) 당시 Talen Energy는 펜실베이니아의 원자력 발전소에서 Amazon 데이터센터로 직접 전력을 공급하려 했으나, FERC가 이를 승인하지 않았음 (11) 한편 이번 제안은 데이터센터, 제조업 신공장[반도체, 전기차 등] 등으로 인한 전력 수요 급등을 우려하는 일부 주 정부의 반발을 초래할 가능성도 있음 (12) 전력망 부담이 커지면서 일반 가정의 전기요금 상승으로 이어질 수 있기 때문 **- [Implication] ** (1) 트럼프 행정부는 AI 데이터센터 전력망 연결 절차를 60일 이내로 단축하는 규칙을 추진하고 있는 것으로 알려짐 (2) 이는 미국의 AI 산업 확대 및 제조업 부활을 지원하기 위한 국가 전략의 일환 (3) 하지만 전력 수요 급증과 지역 전기요금 인상 우려로 인해 주정부의 반발 가능성도 존재 (4) 그러나 신규 발전소 건설 또는 전력 절감 계획을 포함한 데이터센터는 신속 심사 대상이 될 수 있음! **(5) 즉, AI/클라우드 산업과 전력 정책이 본격적으로 연결되는 ""AI Computing Energy""의 시대가 가속화 될 수 있음 (6) 이에 따라 다양한 발전원에 대해 즉시적 수요 대응이 가능한 인프라 밸류체인[전력기기 등]가 구조적으로 수혜를 누릴 수 있을 것으로 판단 됨**",1437,"1. 트럼프 행정부가 데이터센터 전력망 연결 절차를 가속화하고 있음 2. 에너지부 장관이 FERC에 신속 심사를 요청했음 3. 심사 기간을 최대 60일로 제한하는 초안이 포함되어 있음 4. 새로운 발전소 건설 계획이나 전력 사용량 약속 시 신속 심사 자격을 얻을 수 있음 5. 이는 기존 절차에 비해 큰 변화로 평가되며, AI 산업 비전 실현에 기여할 것임 6. 하이퍼스케일러들에게도 도움이 될 것으로 예상됨 7. 전력 사용량 증가로 인한 전기요금 인상 우려가 지속되고 있음 8. 유틸리티 업계 경영진도 이러한 조치를 기대하고 있었음 9. 과거 Talen Energy의 요청 거부 사건이 주목받고 있음 10. 데이터센터와 제조업 신공장으로 인한 전력 수요 급증 우려가 있음 11. 전력망 부담 증가로 일반 가정의 전기요금 상승 가능성이 있음 12. AI 데이터센터 전력망 연결 절차 단축은 국가 전략의 일환임 13. 주정부의 반발 가능성도 존재하지만, 신속 심사 대상이 될 수 있음 14. AI/클라우드 산업과 전력 정책의 연결이 가속화될 수 있음 15. 다양한 발전원에 대한 즉시적 수요 대응 인프라가 수혜를 누릴 것으로 판단됨","트럼프 행정부, 데이터센터, 전력망, 신속 심사, AI 산업, 하이퍼스케일러, 전기요금, 유틸리티, Talen Energy, 전력 수요, 주정부 반발, AI Computing Energy, 인프라 밸류체인",긍정적
GlobalTechMoon,1001862856400,2025-10-24T01:54:16+00:00,2025-10-24 01:54:16,Company;Memory;Product,"**[반.전] 인텔: 좋아지고 있다...더 좋은 게 많을 뿐 - 3Q25 review
**
안녕하세요. 삼성증권 문준호의 ‘반도체를 전하다’입니다.

인텔이 실적 발표 후, 간만에 8%나 급등하고 있습니다.

이익이 컨센서스를 크게 상회한 점도 사실이나, 세 가지 포인트가 긍정적이었습니다.

1) AI 온기가 확산되며, 이제 CPU도 내년까지 부족하다고 합니다. 공급 부족을 외친 건 코로나19 시절 이후 이번이 처음입니다.

2) 파운드리 사업을 포기하지 않되, 수요 발생 시에만 증설에 나서겠다는 계획을 밝혔습니다. 체질 개선 노력도 계속되는 것이죠.

3) 마지막으로, 연말까지 신규 공정 18A 제품 Panther Lake 출시 계획을 재차 언급했습니다. 지난 10년을 돌이켜 보면, 인텔의 부진이 시작된 태초의 배경이 공정 전환 지연이었습니다.

영업 환경이 개선되고 있고, 인텔의 자체적인 체질 개선 노력도 더해지고 있습니다.

그렇기에 인텔을 바라보는 투자자 시각도 조금씩 변화할 것으로 전망됩니다.

그럽니다만...투자 관점에서는 여전히 매력이 부족하다고 생각합니다.

이런 저런 점들을 다 고려해도, AI 수혜로 GPU, 메모리, 파운드리 업체들은 이익이 계속해서 엄청 늘고 있고, valuation 부담도 없습니다.

좋아지고 있을 뿐, AI 수혜주들보다 더 좋다고 할 수는 없습니다.

실적 관련 자세한 내용은 아래 보고서 참고 바랍니다.


감사합니다.

보고서 링크: http://bit.ly/3L52iOH

(2025/10/24 공표자료)","**[반.전] 인텔: 좋아지고 있다...더 좋은 게 많을 뿐 - 3Q25 review ** 안녕하세요. 삼성증권 문준호의 ‘반도체를 전하다’입니다. 인텔이 실적 발표 후, 간만에 8%나 급등하고 있습니다. 이익이 컨센서스를 크게 상회한 점도 사실이나, 세 가지 포인트가 긍정적이었습니다. 1) AI 온기가 확산되며, 이제 CPU도 내년까지 부족하다고 합니다. 공급 부족을 외친 건 코로나19 시절 이후 이번이 처음입니다. 2) 파운드리 사업을 포기하지 않되, 수요 발생 시에만 증설에 나서겠다는 계획을 밝혔습니다. 체질 개선 노력도 계속되는 것이죠. 3) 마지막으로, 연말까지 신규 공정 18A 제품 Panther Lake 출시 계획을 재차 언급했습니다. 지난 10년을 돌이켜 보면, 인텔의 부진이 시작된 태초의 배경이 공정 전환 지연이었습니다. 영업 환경이 개선되고 있고, 인텔의 자체적인 체질 개선 노력도 더해지고 있습니다. 그렇기에 인텔을 바라보는 투자자 시각도 조금씩 변화할 것으로 전망됩니다. 그럽니다만...투자 관점에서는 여전히 매력이 부족하다고 생각합니다. 이런 저런 점들을 다 고려해도, AI 수혜로 GPU, 메모리, 파운드리 업체들은 이익이 계속해서 엄청 늘고 있고, valuation 부담도 없습니다. 좋아지고 있을 뿐, AI 수혜주들보다 더 좋다고 할 수는 없습니다. 실적 관련 자세한 내용은 아래 보고서 참고 바랍니다. 감사합니다. 보고서 링크: http://bit.ly/3L52iOH (2025/10/24 공표자료)",764,"1. 인텔이 실적 발표 후 8% 급등했음. 2. 이익이 컨센서스를 상회한 점이 긍정적이었음. 3. AI 온기가 확산되며 CPU 부족 현상이 발생하고 있음. 4. 파운드리 사업을 포기하지 않되, 수요 발생 시 증설 계획을 밝혔음. 5. 연말까지 신규 공정 18A 제품 Panther Lake 출시 계획을 언급했음. 6. 인텔의 영업 환경이 개선되고 있으며, 체질 개선 노력이 지속되고 있음. 7. 투자자 시각이 변화할 것으로 전망되지만, 여전히 매력이 부족하다고 생각됨. 8. AI 수혜주들에 비해 인텔의 경쟁력이 떨어진다고 평가됨.","인텔, 실적 발표, AI, CPU 부족, 파운드리, 신규 공정, 체질 개선, 투자자 시각, 경쟁력",중립적
toberichplz,1002331079738,2025-10-24T01:22:38+00:00,2025-10-24 01:22:38,Company;Memory;Tech,"(Jefferies)

- **마이크론은 이미 2026년 용량을 서버 DRAM으로 전환**
- HBM4에서 마이크론은 11Gbps를 구현할 수 있다고 하더라도 **수율이나 양산 측면에서는 어려움**을 겪고 있음. HBM 4의 속도를 높이기 위해 내부 설계를 변경하는 것은 매우 어려움
- 전체 프로세스를 변경하는 데 6~9개월이 소요될 것


** 위 언급이 맞다면 **26년 엔비디아향 HBM4는 현재로서는 하이닉스 단독체제**

** Jefferies는 대신 삼성의 HBM4 성능이 긍정적일 것으로 예상하고 있음(탑픽 삼전)",(Jefferies) - **마이크론은 이미 2026년 용량을 서버 DRAM으로 전환** - HBM4에서 마이크론은 11Gbps를 구현할 수 있다고 하더라도 **수율이나 양산 측면에서는 어려움**을 겪고 있음. HBM 4의 속도를 높이기 위해 내부 설계를 변경하는 것은 매우 어려움 - 전체 프로세스를 변경하는 데 6~9개월이 소요될 것 ** 위 언급이 맞다면 **26년 엔비디아향 HBM4는 현재로서는 하이닉스 단독체제** ** Jefferies는 대신 삼성의 HBM4 성능이 긍정적일 것으로 예상하고 있음(탑픽 삼전),295,1. 마이크론은 2026년 용량을 서버 DRAM으로 전환했음. 2. HBM4에서 마이크론은 11Gbps를 구현할 수 있다고 하더라도 수율이나 양산 측면에서는 어려움을 겪고 있음. 3. HBM4의 속도를 높이기 위해 내부 설계를 변경하는 것은 매우 어려움임. 4. 전체 프로세스를 변경하는 데 6~9개월이 소요될 것임. 5. 26년 엔비디아향 HBM4는 현재로서는 하이닉스 단독체제임. 6. Jefferies는 대신 삼성의 HBM4 성능이 긍정적일 것으로 예상하고 있음.,"마이크론, HBM4, 2026년, 서버 DRAM, 수율, 양산, 내부 설계, 엔비디아, 하이닉스, 삼성",부정적
KISemicon,1001281344016,2025-10-24T00:26:53+00:00,2025-10-24 00:26:53,Tech,"구글, 앤트로픽과 수십 억 달러 규모 클라우드 계약 발표. 구글이 앤트로픽에 최대 100만 개의 특수 AI 칩(TPU 등)을 제공하는 계약이고, 계약 규모는 수십억달러 수준

아마존과 끈끈한 관계를 유지하던 앤트로픽이 클로드 모델 활용에 또다른 기존 주주인 알파벳의 클라우드 인프라를 이용하기로 한 점에 주목

https://www.bloomberg.com/news/articles/2025-10-23/google-anthropic-announce-cloud-deal-worth-tens-of-billions","구글, 앤트로픽과 수십 억 달러 규모 클라우드 계약 발표. 구글이 앤트로픽에 최대 100만 개의 특수 AI 칩(TPU 등)을 제공하는 계약이고, 계약 규모는 수십억달러 수준 아마존과 끈끈한 관계를 유지하던 앤트로픽이 클로드 모델 활용에 또다른 기존 주주인 알파벳의 클라우드 인프라를 이용하기로 한 점에 주목 https://www.bloomberg.com/news/articles/2025-10-23/google-anthropic-announce-cloud-deal-worth-tens-of-billions",284,1. 구글과 앤트로픽이 클라우드 계약을 발표했음. 2. 계약 규모는 수십억 달러에 달함. 3. 구글이 앤트로픽에 최대 100만 개의 특수 AI 칩을 제공하기로 했음. 4. 앤트로픽은 아마존과의 관계를 유지하면서 알파벳의 클라우드 인프라를 활용하기로 결정했음.,"구글, 앤트로픽, 클라우드 계약, AI 칩, 알파벳, 아마존",긍정적
beluga_investment,1001675449168,2025-10-23T23:14:11+00:00,2025-10-23 23:14:11,Company;Memory,"**251024_SK hynix: Underlying dynamics moving from cyclical volatility to structural stability - JPMorgan

[Key Takeaways] **

(1) 현재 메모리 업황 상승 사이클은 '27년 이후까지 연장될 것

(2) 이는 1) 업체들의 타이트한 공급[Memory Hunger Game] 상황 속에서, 2) AI Inference 수요 증가에 따른 레거시 수요 증가, 3) 견고한 HBM 성장세에 기인

(3) JPM은 '26년, '27년 SK하이닉스의 영업이익 추정치를 각각 +21.5%, +29.0% 추가 상향
■ 26(F) 58.7조 → 71.4조 vs. 56.6조 
■ 27(F) 64.0조 → 82.5조 vs. 59.4조

(4) 또한 현재 Stargate PJT 등에 대한 투자자들의 시각은 지나치게 회의적이지만, 산업 전반의 파트너쉽/MOU 등이 빠르게 확대되고 있으며 향후 반 년 내에 메모리 파트너쉽 관련 구체적인 가시성이 나타날 것으로 판단. 해당 요소가 '27년 이후의 업사이클 지속 가능성을 강화할 것

**-

[Contents] **

(1) 3Q25(F) 영업이익은 11.6조를 전망하며 시장 기대치를 상회할 것으로 추정

(2) 26(F) DRAM/NAND ASP는 각각 YoY +24%, +18% 상승 전망

(3) Memory Hunger Game이 메모리 가격 강세를 이끌며, SK하이닉스는 내년 사상 최고 수준의 OPM인 56%를 달성할 전망 
■ 이는 FY26(F) 기준 시장 기대치를 약 +20% 상회하는 수준 

(4) 또한 더 높아진 마진 하방 구조와 4년 이상 지속되는 장기 업사이클을 반영할 때 현재 2.4x FY26~27(F) BVPS Avg 수준은 충분히 정당화 될 수 있는 수준 

(5) 우리는 CSP의 레거시 메모리[D5 중심]의 구매가 '27년까지 지속될 것으로 예상

(6) 이는 AI Inference 중심 토큰 이코노믹스 개화, TCO를 위해 메모리 지출 확대가 필수적이기 때문 

(7) 또한 HBM의 구조적 성장세도 여전히 견고 
■ DRAM내 HBM 영업이익 믹스는 25~26(F) 37~43% → 27(F) 50%로 상승 전망 

(8) 이는 1TB HBM 스택 솔루션 출시 영향에 기인 

(9) 또한 공급 측면에서도 여전히 HBM으로의 CAPA 전환으로 레거시 공급은 타이트할 것 

(10) 한편 Stargate PJT 가시성은 '27년 이후 춫가 상승 모멘텀으로 작용할 것 

(11) 대부분의 투자자들은 아직까지 해당 PJT가 너무 이르고, 그 규모에 대해 너무 비이성적으로 큰 것이 아닌가라고 회의적인 시각을 견지하고 있음

(12) 그러나 우리는 산업 전반의 다양한 분야에서 파트너쉽이 증가하는 것을 목격하고 있으며 향후 6개월 내 메모리 파트너쉽 관련 구체적인 '가시성'이 확보될 것으로 예상 

(13) 해당 요소가 '27년 이후의 업사이클 지속 가능성을 강화할 것

(14) 하방 리스크의 경우 과거 사례를 보면, 비정상적인 CAPEX 급증은 사이클 정점의 전조로 해석된 바 있음
■ '18(A) CAPEX YoY +76% → 주가 피크 '18년 5월
■ '22(A) CAPEX YoY +52% → 주가 피크 '22년 2월

(15) 우리는 내년 CAPEX를 YoY +23% 증가 수준으로 추정하고 있으며, 중장기 주문 가시성이 개선될 때까지 Supply Discipline[공급 절제]를 업체들이 유지할 것으로 판단 

(16) 그 이외의 잠재 리스크는 1) 지정학적 긴장 고조, 2) CSP의 메모리 구매 둔화 정도가 있음","**251024_SK hynix: Underlying dynamics moving from cyclical volatility to structural stability - JPMorgan [Key Takeaways] ** (1) 현재 메모리 업황 상승 사이클은 '27년 이후까지 연장될 것 (2) 이는 1) 업체들의 타이트한 공급[Memory Hunger Game] 상황 속에서, 2) AI Inference 수요 증가에 따른 레거시 수요 증가, 3) 견고한 HBM 성장세에 기인 (3) JPM은 '26년, '27년 SK하이닉스의 영업이익 추정치를 각각 +21.5%, +29.0% 추가 상향 ■ 26(F) 58.7조 → 71.4조 vs. 56.6조 ■ 27(F) 64.0조 → 82.5조 vs. 59.4조 (4) 또한 현재 Stargate PJT 등에 대한 투자자들의 시각은 지나치게 회의적이지만, 산업 전반의 파트너쉽/MOU 등이 빠르게 확대되고 있으며 향후 반 년 내에 메모리 파트너쉽 관련 구체적인 가시성이 나타날 것으로 판단. 해당 요소가 '27년 이후의 업사이클 지속 가능성을 강화할 것 **- [Contents] ** (1) 3Q25(F) 영업이익은 11.6조를 전망하며 시장 기대치를 상회할 것으로 추정 (2) 26(F) DRAM/NAND ASP는 각각 YoY +24%, +18% 상승 전망 (3) Memory Hunger Game이 메모리 가격 강세를 이끌며, SK하이닉스는 내년 사상 최고 수준의 OPM인 56%를 달성할 전망 ■ 이는 FY26(F) 기준 시장 기대치를 약 +20% 상회하는 수준 (4) 또한 더 높아진 마진 하방 구조와 4년 이상 지속되는 장기 업사이클을 반영할 때 현재 2.4x FY26~27(F) BVPS Avg 수준은 충분히 정당화 될 수 있는 수준 (5) 우리는 CSP의 레거시 메모리[D5 중심]의 구매가 '27년까지 지속될 것으로 예상 (6) 이는 AI Inference 중심 토큰 이코노믹스 개화, TCO를 위해 메모리 지출 확대가 필수적이기 때문 (7) 또한 HBM의 구조적 성장세도 여전히 견고 ■ DRAM내 HBM 영업이익 믹스는 25~26(F) 37~43% → 27(F) 50%로 상승 전망 (8) 이는 1TB HBM 스택 솔루션 출시 영향에 기인 (9) 또한 공급 측면에서도 여전히 HBM으로의 CAPA 전환으로 레거시 공급은 타이트할 것 (10) 한편 Stargate PJT 가시성은 '27년 이후 춫가 상승 모멘텀으로 작용할 것 (11) 대부분의 투자자들은 아직까지 해당 PJT가 너무 이르고, 그 규모에 대해 너무 비이성적으로 큰 것이 아닌가라고 회의적인 시각을 견지하고 있음 (12) 그러나 우리는 산업 전반의 다양한 분야에서 파트너쉽이 증가하는 것을 목격하고 있으며 향후 6개월 내 메모리 파트너쉽 관련 구체적인 '가시성'이 확보될 것으로 예상 (13) 해당 요소가 '27년 이후의 업사이클 지속 가능성을 강화할 것 (14) 하방 리스크의 경우 과거 사례를 보면, 비정상적인 CAPEX 급증은 사이클 정점의 전조로 해석된 바 있음 ■ '18(A) CAPEX YoY +76% → 주가 피크 '18년 5월 ■ '22(A) CAPEX YoY +52% → 주가 피크 '22년 2월 (15) 우리는 내년 CAPEX를 YoY +23% 증가 수준으로 추정하고 있으며, 중장기 주문 가시성이 개선될 때까지 Supply Discipline[공급 절제]를 업체들이 유지할 것으로 판단 (16) 그 이외의 잠재 리스크는 1) 지정학적 긴장 고조, 2) CSP의 메모리 구매 둔화 정도가 있음",1791,"1. 현재 메모리 업황 상승 사이클은 '27년 이후까지 연장될 것임. 2. 이는 업체들의 타이트한 공급 상황, AI Inference 수요 증가, 견고한 HBM 성장세에 기인함. 3. JPM은 '26년, '27년 SK하이닉스의 영업이익 추정치를 각각 +21.5%, +29.0% 추가 상향했음. 4. 26(F) 영업이익은 58.7조에서 71.4조로, 27(F) 영업이익은 64.0조에서 82.5조로 상향 조정되었음. 5. 3Q25(F) 영업이익은 11.6조를 전망하며 시장 기대치를 상회할 것으로 추정됨. 6. 26(F) DRAM/NAND ASP는 각각 YoY +24%, +18% 상승 전망임. 7. Memory Hunger Game이 메모리 가격 강세를 이끌며, SK하이닉스는 내년 사상 최고 수준의 OPM인 56%를 달성할 전망임. 8. 더 높아진 마진 하방 구조와 4년 이상 지속되는 장기 업사이클을 반영할 때 현재 2.4x FY26~27(F) BVPS Avg 수준은 정당화될 수 있음. 9. CSP의 레거시 메모리 구매가 '27년까지 지속될 것으로 예상됨. 10. 이는 AI Inference 중심 토큰 이코노믹스 개화와 메모리 지출 확대가 필수적이기 때문임. 11. HBM의 구조적 성장세도 여전히 견고하며, DRAM 내 HBM 영업이익 믹스는 25~26(F) 37~43%에서 27(F) 50%로 상승 전망임. 12. 이는 1TB HBM 스택 솔루션 출시 영향에 기인함. 13. 공급 측면에서도 HBM으로의 CAPA 전환으로 레거시 공급은 타이트할 것임. 14. Stargate PJT 가시성은 '27년 이후 추가 상승 모멘텀으로 작용할 것임. 15. 대부분의 투자자들은 해당 PJT가 너무 이르다고 회의적인 시각을 견지하고 있음. 16. 그러나 산업 전반의 다양한 분야에서 파트너쉽이 증가하고 있으며 향후 6개월 내 메모리 파트너쉽 관련 구체적인 가시성이 확보될 것으로 예상됨. 17. 해당 요소가 '27년 이후의 업사이클 지속 가능성을 강화할 것임. 18. 하방 리스크",키워드 파싱 실패,긍정적
GlobalTechMoon,1001862856400,2025-10-23T22:47:06+00:00,2025-10-23 22:47:06,Product;Tech,"**[삼성 문준호의 반.전] 2025년 10월 24일 주요 테크 뉴스**

■ 슈퍼마이크로, 대형 AI 서버 납품 일정 지연을 이유로 FY1Q26 매출 전망을 기존 60억~70억 달러에서 50억 달러로 하향. 2분기 납품 예정 신규 수주 120억 달러 이상 확보, AI 서버 수요는 여전히 견조

■ 노키아 CEO는 “AI는 1990년대 인터넷 붐과 유사한 장기 성장 사이클의 초입에 있다”고 언급하며, 거품 우려는 과도하다고 평가
 
■ 어플라이드 머티리얼즈, 직원 약 1,400명(전체의 약 4%)을 감원 예정. 미국의 대중 수출 통제 강화로 인한 영향으로, 회사는 1.6억~1.8억 달러의 구조조정 비용을 반영할 예정, FY2026 매출이 약 6억 달러 감소할 것으로 전망

■ Anthropic, Google과의 협력을 확대, 최대 100만 개의 TPU를 활용해 차세대 Claude AI 모델을 학습할 예정. 계약 규모는 수십억 달러에 달하며, 1GW 규모의 컴퓨팅 용량이 2026년부터 가동 예정

■ AI 데이터센터 스타트업 Crusoe, 시리즈 E 라운드에서 13.8억 달러를 조달 중, 기업가치는 약 100억 달러로 평가

■ 네덜란드 반도체업체 Nexperia의 중국 자회사가 내수 유통업체 대상 칩 판매를 재개


감사합니다.","**[삼성 문준호의 반.전] 2025년 10월 24일 주요 테크 뉴스** ■ 슈퍼마이크로, 대형 AI 서버 납품 일정 지연을 이유로 FY1Q26 매출 전망을 기존 60억~70억 달러에서 50억 달러로 하향. 2분기 납품 예정 신규 수주 120억 달러 이상 확보, AI 서버 수요는 여전히 견조 ■ 노키아 CEO는 “AI는 1990년대 인터넷 붐과 유사한 장기 성장 사이클의 초입에 있다”고 언급하며, 거품 우려는 과도하다고 평가 ■ 어플라이드 머티리얼즈, 직원 약 1,400명(전체의 약 4%)을 감원 예정. 미국의 대중 수출 통제 강화로 인한 영향으로, 회사는 1.6억~1.8억 달러의 구조조정 비용을 반영할 예정, FY2026 매출이 약 6억 달러 감소할 것으로 전망 ■ Anthropic, Google과의 협력을 확대, 최대 100만 개의 TPU를 활용해 차세대 Claude AI 모델을 학습할 예정. 계약 규모는 수십억 달러에 달하며, 1GW 규모의 컴퓨팅 용량이 2026년부터 가동 예정 ■ AI 데이터센터 스타트업 Crusoe, 시리즈 E 라운드에서 13.8억 달러를 조달 중, 기업가치는 약 100억 달러로 평가 ■ 네덜란드 반도체업체 Nexperia의 중국 자회사가 내수 유통업체 대상 칩 판매를 재개 감사합니다.",640,"1. 슈퍼마이크로가 대형 AI 서버 납품 일정 지연을 이유로 FY1Q26 매출 전망을 하향 조정했음. 2. 매출 전망이 기존 60억~70억 달러에서 50억 달러로 하향되었음. 3. 2분기 납품 예정 신규 수주가 120억 달러 이상 확보되었음. 4. AI 서버 수요는 여전히 견조함. 5. 노키아 CEO는 AI가 1990년대 인터넷 붐과 유사한 장기 성장 사이클의 초입에 있다고 언급했음. 6. 그는 거품 우려는 과도하다고 평가했음. 7. 어플라이드 머티리얼즈는 직원 약 1,400명을 감원할 예정임. 8. 감원의 이유는 미국의 대중 수출 통제 강화로 인한 영향임. 9. 회사는 1.6억~1.8억 달러의 구조조정 비용을 반영할 예정임. 10. FY2026 매출이 약 6억 달러 감소할 것으로 전망됨. 11. Anthropic은 Google과의 협력을 확대하고 있음. 12. 최대 100만 개의 TPU를 활용해 차세대 Claude AI 모델을 학습할 예정임. 13. 계약 규모는 수십억 달러에 달하며, 1GW 규모의 컴퓨팅 용량이 2026년부터 가동될 예정임. 14. AI 데이터센터 스타트업 Crusoe는 시리즈 E 라운드에서 13.8억 달러를 조달 중임. 15. 기업가치는 약 100억 달러로 평가됨. 16. 네덜란드 반도체업체 Nexperia의 중국 자회사가 내수 유통업체 대상 칩 판매를 재개했음.","슈퍼마이크로, AI 서버, 매출 전망, 노키아, 어플라이드 머티리얼즈, 감원, Anthropic, Google, Claude AI, Crusoe, Nexperia, 칩 판매",중립적
GlobalTechMoon,1001862856400,2025-10-23T21:49:49+00:00,2025-10-23 21:49:49,Company;Product;Tech,"**[삼성 문준호의 반.전] 인텔 실적/가이던스 요약**

**■ FY 3Q25 실적**

- 전체 매출액 136.5억 달러
: +2.8% y-y, +6.2% q-q
: 컨센서스 131.7억 달러 상회

- Intel Products 매출액 126.5억 달러
: +2.8% y-y, +7.1% q-q
: 컨센서스 120.4억 달러 상회
: 영업이익률 28.9%

- Data Center 매출액 41.2억 달러
: -0.6% y-y, +4.5% q-q
: 컨센서스 39.9억 달러 상회
: 영업이익률 23.4%

- Client (PC) 매출액 85.4억 달러
: +4.6% y-y, +8.4% q-q
: 컨센서스 80.2억 달러 상회
: 영업이익률 31.6%

- Intel Foundry 매출액 42.4억 달러
: -2.4% y-y, -4.1% q-q
: 컨센서스 46.5억 달러 하회
: 영업이익률 -54.8%

- Non-GAAP 매출총이익률 40.0%
: 컨센서스 35.8% 상회

- Non-GAAP EPS 0.23 달러
: 흑전 y-y, 흑전 q-q
: 컨센서스 0.02 달러 상회


**■ FY 4Q25 가이던스**

- 매출액 128~138억 달러
: 중간값 기준, -6.7% y-y, -2.6% q-q
: 컨센서스 134.2억 달러 하회
: Altera 연결 제외

- Non-GAAP 매출총이익률 36.5%
: 컨센서스 36.9% 하회

- Non-GAAP EPS 0.08 달러
: -38.5% y-y, -65.2% q-q
: 컨센서스 0.10 달러 하회


감사합니다.","**[삼성 문준호의 반.전] 인텔 실적/가이던스 요약** **■ FY 3Q25 실적** - 전체 매출액 136.5억 달러 : +2.8% y-y, +6.2% q-q : 컨센서스 131.7억 달러 상회 - Intel Products 매출액 126.5억 달러 : +2.8% y-y, +7.1% q-q : 컨센서스 120.4억 달러 상회 : 영업이익률 28.9% - Data Center 매출액 41.2억 달러 : -0.6% y-y, +4.5% q-q : 컨센서스 39.9억 달러 상회 : 영업이익률 23.4% - Client (PC) 매출액 85.4억 달러 : +4.6% y-y, +8.4% q-q : 컨센서스 80.2억 달러 상회 : 영업이익률 31.6% - Intel Foundry 매출액 42.4억 달러 : -2.4% y-y, -4.1% q-q : 컨센서스 46.5억 달러 하회 : 영업이익률 -54.8% - Non-GAAP 매출총이익률 40.0% : 컨센서스 35.8% 상회 - Non-GAAP EPS 0.23 달러 : 흑전 y-y, 흑전 q-q : 컨센서스 0.02 달러 상회 **■ FY 4Q25 가이던스** - 매출액 128~138억 달러 : 중간값 기준, -6.7% y-y, -2.6% q-q : 컨센서스 134.2억 달러 하회 : Altera 연결 제외 - Non-GAAP 매출총이익률 36.5% : 컨센서스 36.9% 하회 - Non-GAAP EPS 0.08 달러 : -38.5% y-y, -65.2% q-q : 컨센서스 0.10 달러 하회 감사합니다.",779,"1. FY 3Q25 실적 발표함. 2. 전체 매출액 136.5억 달러로, 전년 대비 2.8% 증가함. 3. Intel Products 매출액 126.5억 달러로, 전년 대비 2.8% 증가함. 4. Data Center 매출액 41.2억 달러로, 전년 대비 0.6% 감소함. 5. Client (PC) 매출액 85.4억 달러로, 전년 대비 4.6% 증가함. 6. Intel Foundry 매출액 42.4억 달러로, 전년 대비 2.4% 감소함. 7. Non-GAAP 매출총이익률 40.0%로, 컨센서스 35.8%를 상회함. 8. FY 4Q25 가이던스 매출액 128~138억 달러로, 전년 대비 6.7% 감소할 것으로 예상함. 9. Non-GAAP EPS 0.08 달러로, 전년 대비 38.5% 감소할 것으로 예상함.","FY 3Q25, 매출액, Intel Products, Data Center, Client, Intel Foundry, Non-GAAP, FY 4Q25, 가이던스, EPS",부정적
KISemicon,1001281344016,2025-10-23T21:46:49+00:00,2025-10-23 21:46:49,Company;Memory;Product;Tech,"[한투증권 채민숙/황준태] Tech Daily (Oct 24 2025)

● Daily News Clipping

▶ 인텔, 3분기 매출액 예상치 상회. PC용 프로세서 수요 회복 영향 (CNBC) < https://vo.la/Ts6ROkP >

▶ 삼성전자와 SK하이닉스, 4분기에 DRAM과 낸드플래시 가격을 최대 30% 인상 (Trendforce) < https://vo.la/I6IZRRi >

▶ 머스크 ""삼성전자·TSMC 모두 테슬라 AI5 칩 생산할 것"" (Zdnet) < https://vo.la/xVW98gl >

▶ 현재 엔비디아가 GPU 시장의 90%를 점유하고 있으나, 구글과 AWS의 투자 확대로 2026년 이후에는 점유율이 70% 수준으로 떨어질 것으로 예상 (Digitimes) < https://vo.la/Bg0wgYK >

▶ 마이크론, 삼성전자와 SK하이닉스가 주도하는 차세대 AI 노트북 메모리 시장에서 LPCAMM2 경쟁에 합류 (Digitimes) < https://vo.la/7Cpr3I1 >

▶ 원익QnC, 美자회사 642억원 증자...""반도체 세정·코팅 사업 확장"" (디일렉) < https://vo.la/sv2CZZw >


텔레그램 채널: https://t.me/KISemicon","[한투증권 채민숙/황준태] Tech Daily (Oct 24 2025) ● Daily News Clipping ▶ 인텔, 3분기 매출액 예상치 상회. PC용 프로세서 수요 회복 영향 (CNBC) < https://vo.la/Ts6ROkP > ▶ 삼성전자와 SK하이닉스, 4분기에 DRAM과 낸드플래시 가격을 최대 30% 인상 (Trendforce) < https://vo.la/I6IZRRi > ▶ 머스크 ""삼성전자·TSMC 모두 테슬라 AI5 칩 생산할 것"" (Zdnet) < https://vo.la/xVW98gl > ▶ 현재 엔비디아가 GPU 시장의 90%를 점유하고 있으나, 구글과 AWS의 투자 확대로 2026년 이후에는 점유율이 70% 수준으로 떨어질 것으로 예상 (Digitimes) < https://vo.la/Bg0wgYK > ▶ 마이크론, 삼성전자와 SK하이닉스가 주도하는 차세대 AI 노트북 메모리 시장에서 LPCAMM2 경쟁에 합류 (Digitimes) < https://vo.la/7Cpr3I1 > ▶ 원익QnC, 美자회사 642억원 증자...""반도체 세정·코팅 사업 확장"" (디일렉) < https://vo.la/sv2CZZw > 텔레그램 채널: https://t.me/KISemicon",631,"1. 인텔이 3분기 매출액이 예상치를 상회했음. 2. 이는 PC용 프로세서 수요 회복의 영향이었음. 3. 삼성전자와 SK하이닉스가 4분기에 DRAM과 낸드플래시 가격을 최대 30% 인상할 예정임. 4. 머스크는 삼성전자와 TSMC가 테슬라의 AI5 칩을 생산할 것이라고 언급했음. 5. 현재 엔비디아가 GPU 시장의 90%를 점유하고 있으나, 구글과 AWS의 투자 확대로 2026년 이후 점유율이 70%로 떨어질 것으로 예상됨. 6. 마이크론이 삼성전자와 SK하이닉스가 주도하는 차세대 AI 노트북 메모리 시장에서 LPCAMM2 경쟁에 합류했음. 7. 원익QnC가 미국 자회사에 642억원을 증자하여 반도체 세정 및 코팅 사업을 확장할 계획임.","인텔, 삼성전자, SK하이닉스, DRAM, 낸드플래시, 테슬라, AI5 칩, 엔비디아, GPU, 마이크론, AI 노트북, 원익QnC, 반도체 세정, 코팅 사업",긍정적
beluga_investment,1001675449168,2025-10-23T09:14:40+00:00,2025-10-23 09:14:40,Tech,"**251023_3Q25 Amphenol [Beat, $157bn, 35x] **

(1) 컨센서스 대비 매출액 +11%, 영업이익 +20% 상회 

(2) 4Q25(F) Guidance 
■ Revenue $6.0~6.1bn vs. $5.73bn 
■ Adj. EPS $0.89~0.91 vs. $0.81

(3) 25(F) Guidance 
■ Revenue $22.66~22.76bn vs. $21.76bn 
■ Adj. EPS $3.26~3.28 vs. $3.05 

(4) 3Q25 신규 수주의 경우 $6.1bn을 기록하며 사상 최대치를 기록. YoY +38%, QoQ +11% 증가
■ AI + IT & Datacom 시장의 초기 램프업 시점에는 Book-to-Bill 비율이 더 높았었지만 현재는 리드 타임이 단축되며 정상화되었음

**(5) End Market에서 Information & Datacom은 YoY +127% 성장...**

(6) 또한 CIT, Andrew 등 인수 효과가 더해지며 탑, 바텀 모두 강력한 성장 

(7) 3Q25에 AI 관련 매출은 $1.2bn 수준을 기록하며 연간 $4bn을 초과할 것으로 보임

(8) 한편, 현재 방산 시장에서의 매우 강한 주문 흐름이 존재

(10) 믹스로 보면 방산 부문이 이번 분기 9%를 차지. YoY +29% 증가. 상업용 항공 시장은 CIT 인수 효과로 연간 +30% 후반 성장이 전망 됨

(11) 지난 5월에는 Narda-MITEQ 인수[$120mn]를 완료. RF 인터커넥트 및 능동형 RF 부품 분야에서 입지를 강화한 바 있음

(12) 이번 분기에는 특히 Trexon이라고 하는 방산 인터커넥트/어셈블리 업체를 인수했고 해당 효과가 도드라지게 향후 나타날 것으로 보임
■ 25(F) Revenue $290mn ,EBITDA Margin 26%

**-

[Q&A] **

Q1) Fox Advisors: Harsh Environment 및 Communication 부문[40%]에서 높은 이익률을 달성한 요인과, 제품 복잡성이 수익성에 미치는 영향?
A1) 우리는 27.5%라는 사상 최고 마진을 기록했으며, 이는 빠른 성장과 뛰어난 실행력 덕분. 인수한 업체들도 개선되고 있음. Communication의 경우 제품 복잡성이 높아졌지만, 이는 고객이 더 높은 기술 가치를 인식하게 만들어 오히려 수익성 강화되고 있음. 전반적으로 AI, 방산, 항공, 통신 등 다양한 시장에서 복잡한 인터커넥트 기술력이 우리의 고마진 구조를 뒷받침

Q2) Evercore: Datacom 매출에서 AI, Non-AI 비중?. AI 생태계 재고 수준?
A2) 모두 균형있게 성장. 재고 상태 양호한 상황

Q3) Barclays: 최근 성장 IT & Datacom에서 다 나오고 있는데 '27년 출시될 Cliva, Oberon 같은 차세대 AI 아키텍처에서 우리 부품 채택 비중이 유지될 수 있을까?
A3) 뭐 특정 고객/아키텍처 언급은 하지 않겠음. 다만 우리는 고속/고전력 인터커넥트 기술을 수십 년 간 축적해왔음. 다양한 AI 생태계의 업체들과 긴밀히 협의 중이고 차세대 플랫폼에서도 우리 포지셔닝 견고할 것

Q4) Baird: Book-to-Bill이 줄어드는거 어떻게 생각함? 뭐 이제 딱히 의미 없는 지표일수도?
A4) 오더가 YoY +38% 성장했고, 탑 라인도 크게 늘었지만 북투빌은 1 수준. 초기 AI/Datacom 증설 단계에서는 비율이 매우 높았음. 고객들이 생산 능력 확보를 원했기 때문. 그러나 지금은 리드타임이 빠르게 단축되었기 때문에 이게 비율이 낮아지는건 그냥 정상화 과정이라고 봄

Q5) JPMorgan: IT & Datacom 이외의 시장? 
A5) 최근 90일 동안 시장 상황 긍정적. '모바일'만 제외하고 모두 Organic 더블 디짓 성장하고 있음. 특히 방산이 엄청 강함. 그 다음은 상업용 항공 시장

Q6) Goldman Sachs: 3Q 자동차가 예상보다 강세를 보인 요인? 4Q 트렌드?
A6) 유럽이 지금 더블 디짓 성장. EV, 하이브리드, ICE 모두 다 지금 괜찮음. 다만 4Q 때는 완만한 감소 예상

Q7) BNP Paribas: 4Q 가이던스 중간값에 도달하려면 마진이 살짝 더 하락해야 하는데 지금보다..? 
A7) 4분기 탑/바텀 모두 강력할 것. 마진은 QoQ 200BP 정도 감소. 마진 하락은 큰 폭이 아니며, 일부 비용 추가가 영향을 줄 수 있으나 미미한 수준..

Q8) BofA: AI 데이터센터에서 랙당 전력 소비가 급증하는 상황에서 전력 관련 우리의 기회? 그리고 향후 CAPEX 궤적은?
A8) 일단 CAPEX부터 말하면 4Q는 비슷하거나 살짝 더 많을 것. 전력이 건물 측면에 도착하자마자 주변을 돌아다니며, 칩 보드에 도달할 때까지 모든 과정을 우리의 제품들이 돕고 있음

Q9) CITI: AI 시장 이외의 시장에서 우리의 이익을 유지할 수 있는 가치는 어떻게 창출되나? 경쟁 상황은? 
A9) 인터커넥트 제품이 점점 더 기술과 결합되고 복잡해지면서 다양한 시장에서 고객 가치를 창출하고 있음. 고객들이 최종 사용자에게 더 많은 기능과 가치를 제공하기 위해 전자 장치를 제품에 통합. 농업 장비가 자율주행화되어 한 명의 운전자가 다수 장비를 운용하는 사례처럼 효율성이 증가함. 방산도 전자 장치 채택이 증가하며 더 복잡한 인터커넥트 시스템 필요. 장치 밀도, 노드 수, 센서 등 복잡성이 증가하며 가치 창출 기회가 확대. 모든 시장에서 경쟁이 존재하며, 지속 가능한 우위 확보는 회사의 역량과 기술에 달려 있음. 기술과 생산 능력, 민첩성, 속도가 경쟁 우위를 만드는 핵심 요소임. 우리의 경쟁사들도 존중하지만, 우리가 더 나은 제품을 빠르고 유연하게 제공

Q10) UBS: 커뮤니케이션이 하쉬 대비 엄청 아웃. 여기 더 투자 필요? 부문별 비교 좀
A10) 부문별로 뭐 수익성을 저해하는 요소는 없음. 모든 부분 다 마진을 중장기적으로 확장할 수 있는 능력이 있음. 3 부문 모두 정상 성장 수준에서 30% 장기 목표 달성 가능할 것

Q11) Truist Securities: IT & Datacom 자동화가 제품 생산 확대에 기여하는 부분?
A11) 해당 사업부만 그런거 아니고 전사적으로 하고 있음. 자체 개발, 저비용 자동화로 유연성과 비용 효율성을 동시에 확보

Q12) TD Cowen: 상업용 항공 분야에서 성과 말했는데, 우리 부품/콘텐츠 침투율, 점유율 상승 가능성?
A12) CIT 인수로 제품 포트폴리오가 크게 확대되어 상업용 항공 전반에 걸친 전자 장치 대응 가능하게 됨

Q13) Seaport Research: 최근 M&A도 많이 하는데 새로운 시장 진출 여부나 향후 수직 계열화 관점에서 좀 어떻게 할 예정인지?
A13) 인터커넥트 산업은 모든 전자 장치에 필요한 제품을 제공하며, 시장 규모만 $250bn임. 올가닉하게 성장도 도모하면서 M&A도 할 것. 위시리스트 후보는 뭐, 모든 엔드마켓에 걸쳐서 다 검토하고 있음","**251023_3Q25 Amphenol [Beat, $157bn, 35x] ** (1) 컨센서스 대비 매출액 +11%, 영업이익 +20% 상회 (2) 4Q25(F) Guidance ■ Revenue $6.0~6.1bn vs. $5.73bn ■ Adj. EPS $0.89~0.91 vs. $0.81 (3) 25(F) Guidance ■ Revenue $22.66~22.76bn vs. $21.76bn ■ Adj. EPS $3.26~3.28 vs. $3.05 (4) 3Q25 신규 수주의 경우 $6.1bn을 기록하며 사상 최대치를 기록. YoY +38%, QoQ +11% 증가 ■ AI + IT & Datacom 시장의 초기 램프업 시점에는 Book-to-Bill 비율이 더 높았었지만 현재는 리드 타임이 단축되며 정상화되었음 **(5) End Market에서 Information & Datacom은 YoY +127% 성장...** (6) 또한 CIT, Andrew 등 인수 효과가 더해지며 탑, 바텀 모두 강력한 성장 (7) 3Q25에 AI 관련 매출은 $1.2bn 수준을 기록하며 연간 $4bn을 초과할 것으로 보임 (8) 한편, 현재 방산 시장에서의 매우 강한 주문 흐름이 존재 (10) 믹스로 보면 방산 부문이 이번 분기 9%를 차지. YoY +29% 증가. 상업용 항공 시장은 CIT 인수 효과로 연간 +30% 후반 성장이 전망 됨 (11) 지난 5월에는 Narda-MITEQ 인수[$120mn]를 완료. RF 인터커넥트 및 능동형 RF 부품 분야에서 입지를 강화한 바 있음 (12) 이번 분기에는 특히 Trexon이라고 하는 방산 인터커넥트/어셈블리 업체를 인수했고 해당 효과가 도드라지게 향후 나타날 것으로 보임 ■ 25(F) Revenue $290mn ,EBITDA Margin 26% **- [Q&A] ** Q1) Fox Advisors: Harsh Environment 및 Communication 부문[40%]에서 높은 이익률을 달성한 요인과, 제품 복잡성이 수익성에 미치는 영향? A1) 우리는 27.5%라는 사상 최고 마진을 기록했으며, 이는 빠른 성장과 뛰어난 실행력 덕분. 인수한 업체들도 개선되고 있음. Communication의 경우 제품 복잡성이 높아졌지만, 이는 고객이 더 높은 기술 가치를 인식하게 만들어 오히려 수익성 강화되고 있음. 전반적으로 AI, 방산, 항공, 통신 등 다양한 시장에서 복잡한 인터커넥트 기술력이 우리의 고마진 구조를 뒷받침 Q2) Evercore: Datacom 매출에서 AI, Non-AI 비중?. AI 생태계 재고 수준? A2) 모두 균형있게 성장. 재고 상태 양호한 상황 Q3) Barclays: 최근 성장 IT & Datacom에서 다 나오고 있는데 '27년 출시될 Cliva, Oberon 같은 차세대 AI 아키텍처에서 우리 부품 채택 비중이 유지될 수 있을까? A3) 뭐 특정 고객/아키텍처 언급은 하지 않겠음. 다만 우리는 고속/고전력 인터커넥트 기술을 수십 년 간 축적해왔음. 다양한 AI 생태계의 업체들과 긴밀히 협의 중이고 차세대 플랫폼에서도 우리 포지셔닝 견고할 것 Q4) Baird: Book-to-Bill이 줄어드는거 어떻게 생각함? 뭐 이제 딱히 의미 없는 지표일수도? A4) 오더가 YoY +38% 성장했고, 탑 라인도 크게 늘었지만 북투빌은 1 수준. 초기 AI/Datacom 증설 단계에서는 비율이 매우 높았음. 고객들이 생산 능력 확보를 원했기 때문. 그러나 지금은 리드타임이 빠르게 단축되었기 때문에 이게 비율이 낮아지는건 그냥 정상화 과정이라고 봄 Q5) JPMorgan: IT & Datacom 이외의 시장? A5) 최근 90일 동안 시장 상황 긍정적. '모바일'만 제외하고 모두 Organic 더블 디짓 성장하고 있음. 특히 방산이 엄청 강함. 그 다음은 상업용 항공 시장 Q6) Goldman Sachs: 3Q 자동차가 예상보다 강세를 보인 요인? 4Q 트렌드? A6) 유럽이 지금 더블 디짓 성장. EV, 하이브리드, ICE 모두 다 지금 괜찮음. 다만 4Q 때는 완만한 감소 예상 Q7) BNP Paribas: 4Q 가이던스 중간값에 도달하려면 마진이 살짝 더 하락해야 하는데 지금보다..? A7) 4분기 탑/바텀 모두 강력할 것. 마진은 QoQ 200BP 정도 감소. 마진 하락은 큰 폭이 아니며, 일부 비용 추가가 영향을 줄 수 있으나 미미한 수준.. Q8) BofA: AI 데이터센터에서 랙당 전력 소비가 급증하는 상황에서 전력 관련 우리의 기회? 그리고 향후 CAPEX 궤적은? A8) 일단 CAPEX부터 말하면 4Q는 비슷하거나 살짝 더 많을 것. 전력이 건물 측면에 도착하자마자 주변을 돌아다니며, 칩 보드에 도달할 때까지 모든 과정을 우리의 제품들이 돕고 있음 Q9) CITI: AI 시장 이외의 시장에서 우리의 이익을 유지할 수 있는 가치는 어떻게 창출되나? 경쟁 상황은? A9) 인터커넥트 제품이 점점 더 기술과 결합되고 복잡해지면서 다양한 시장에서 고객 가치를 창출하고 있음. 고객들이 최종 사용자에게 더 많은 기능과 가치를 제공하기 위해 전자 장치를 제품에 통합. 농업 장비가 자율주행화되어 한 명의 운전자가 다수 장비를 운용하는 사례처럼 효율성이 증가함. 방산도 전자 장치 채택이 증가하며 더 복잡한 인터커넥트 시스템 필요. 장치 밀도, 노드 수, 센서 등 복잡성이 증가하며 가치 창출 기회가 확대. 모든 시장에서 경쟁이 존재하며, 지속 가능한 우위 확보는 회사의 역량과 기술에 달려 있음. 기술과 생산 능력, 민첩성, 속도가 경쟁 우위를 만드는 핵심 요소임. 우리의 경쟁사들도 존중하지만, 우리가 더 나은 제품을 빠르고 유연하게 제공 Q10) UBS: 커뮤니케이션이 하쉬 대비 엄청 아웃. 여기 더 투자 필요? 부문별 비교 좀 A10) 부문별로 뭐 수익성을 저해하는 요소는 없음. 모든 부분 다 마진을 중장기적으로 확장할 수 있는 능력이 있음. 3 부문 모두 정상 성장 수준에서 30% 장기 목표 달성 가능할 것 Q11) Truist Securities: IT & Datacom 자동화가 제품 생산 확대에 기여하는 부분? A11) 해당 사업부만 그런거 아니고 전사적으로 하고 있음. 자체 개발, 저비용 자동화로 유연성과 비용 효율성을 동시에 확보 Q12) TD Cowen: 상업용 항공 분야에서 성과 말했는데, 우리 부품/콘텐츠 침투율, 점유율 상승 가능성? A12) CIT 인수로 제품 포트폴리오가 크게 확대되어 상업용 항공 전반에 걸친 전자 장치 대응 가능하게 됨 Q13) Seaport Research: 최근 M&A도 많이 하는데 새로운 시장 진출 여부나 향후 수직 계열화 관점에서 좀 어떻게 할 예정인지? A13) 인터커넥트 산업은 모든 전자 장치에 필요한 제품을 제공하며, 시장 규모만 $250bn임. 올가닉하게 성장도 도모하면서 M&A도 할 것. 위시리스트 후보는 뭐, 모든 엔드마켓에 걸쳐서 다 검토하고 있음",3423,"1. Amphenol이 컨센서스 대비 매출액과 영업이익을 각각 +11%, +20% 상회했음. 2. 4Q25 가이던스에서 매출은 $6.0~6.1bn, 조정 EPS는 $0.89~0.91로 예상됨. 3. 25년 가이던스는 매출 $22.66~22.76bn, 조정 EPS $3.26~3.28로 설정됨. 4. 3Q25 신규 수주는 $6.1bn으로 사상 최대치를 기록하며, YoY +38%, QoQ +11% 증가했음. 5. Information & Datacom 부문은 YoY +127% 성장했음. 6. CIT, Andrew 등의 인수 효과로 모든 부문에서 강력한 성장이 나타났음. 7. 3Q25 AI 관련 매출은 $1.2bn을 기록하며 연간 $4bn을 초과할 것으로 보임. 8. 방산 시장에서 강한 주문 흐름이 존재하고, 방산 부문은 이번 분기 9%를 차지하며 YoY +29% 증가했음. 9. CIT 인수로 상업용 항공 시장에서 연간 +30% 후반 성장이 전망됨. 10. Narda-MITEQ 인수로 RF 인터커넥트 및 능동형 RF 부품 분야에서 입지를 강화했음. 11. Trexon 인수로 방산 인터커넥트/어셈블리 분야에서 효과가 나타날 것으로 보임. 12. Q&A에서 다양한 질문에 대해 AI, 방산, 통신 등에서의 고마진 구조와 시장 성장 가능성을 강조했음. 13. 인터커넥트 산업의 시장 규모는 $250bn이며, M&A와 유기적 성장을 동시에 도모할 계획임.","Amphenol, 매출, 영업이익, 가이던스, 신규 수주, Information & Datacom, AI, 방산, CIT 인수, Narda-MITEQ, Trexon, 인터커넥트, M&A, 시장 성장",긍정적
KISemicon,1001281344016,2025-10-22T23:21:19+00:00,2025-10-22 23:21:19,Company,"원문과 GPT 번역입니다. 

Okay. So I’m going to give quite a long answer to this question because I have to unpack this question and then answer the unpacked version. So first of all, I have nothing but great things to say about Samsung. They’re amazing company. And Samsung, it is worth noting, does manufacture our AI4 computer and does a great job doing that.

So – now with the AI5, and here’s, – I need make a point of clarification relative to some comments I’ve made publicly before, which is we’re actually going to focus both TSMC and Samsung initially on AI5. 

우선 이 질문에 답하기 위해서는 내용을 조금 풀어서 설명해야 하므로 다소 긴 답변이 될 것입니다.

먼저 삼성에 대해서는 좋은 말밖에 할 게 없습니다. 삼성은 훌륭한 기업입니다. 참고로 삼성은 우리 **AI4 컴퓨터를 생산하고 있으며**, 그 역할을 매우 잘 수행하고 있습니다.

이제 **AI5**에 대해 말씀드리자면, 제가 이전에 했던 공개 발언에 대해 약간의 정정을 해야 합니다. 우리는 **AI5 생산 초기 단계에서 TSMC와 삼성 양사 모두에 집중할 계획**입니다.","원문과 GPT 번역입니다. Okay. So I’m going to give quite a long answer to this question because I have to unpack this question and then answer the unpacked version. So first of all, I have nothing but great things to say about Samsung. They’re amazing company. And Samsung, it is worth noting, does manufacture our AI4 computer and does a great job doing that. So – now with the AI5, and here’s, – I need make a point of clarification relative to some comments I’ve made publicly before, which is we’re actually going to focus both TSMC and Samsung initially on AI5. 우선 이 질문에 답하기 위해서는 내용을 조금 풀어서 설명해야 하므로 다소 긴 답변이 될 것입니다. 먼저 삼성에 대해서는 좋은 말밖에 할 게 없습니다. 삼성은 훌륭한 기업입니다. 참고로 삼성은 우리 **AI4 컴퓨터를 생산하고 있으며**, 그 역할을 매우 잘 수행하고 있습니다. 이제 **AI5**에 대해 말씀드리자면, 제가 이전에 했던 공개 발언에 대해 약간의 정정을 해야 합니다. 우리는 **AI5 생산 초기 단계에서 TSMC와 삼성 양사 모두에 집중할 계획**입니다.",828,1. 질문에 대한 답변을 위해 내용을 풀어 설명했음. 2. 삼성에 대해 긍정적인 의견을 가지고 있음. 3. 삼성은 AI4 컴퓨터를 잘 생산하고 있음. 4. AI5에 대해 이전 발언을 정정할 필요가 있었음. 5. AI5 생산 초기 단계에서 TSMC와 삼성 모두에 집중할 계획임.,"삼성, AI4, AI5, TSMC, 생산",긍정적
GlobalTechMoon,1001862856400,2025-10-22T22:49:35+00:00,2025-10-22 22:49:35,Memory;Product;Tech,"**[삼성 문준호의 반.전] 2025년 10월 23일 주요 테크 뉴스**

■ 미국 정부, 중국의 희토류 수출 제한 조치에 대한 보복으로, 노트북부터 제트엔진까지 미국 소프트웨어가 포함된 제품의 대중 수출을 제한하는 방안을 검토 중
 
■ 램 리서치, AI 반도체 생산용 장비 주문이 급증하면서 실적과 가이던스 모두 컨센서스 상회. 매출 53.2억 달러 (컨센 52.3억 달러), 조정 EPS 1.26달러(컨센 1.22달러). 차분기 가이던스 매출 52억 달러 ±3억 달러 (컨센 48.1억 달러)
조정 EPS 1.15달러 ±0.10달러 (컨센 1.04달러)

■ IBM, 3분기 매출 163.3억 달러로 시장 예상치(160.9억 달러) 상회. 인프라 부문(메인프레임 포함) 매출 35.6억 달러로 전년 대비 +17%. AI 특화 칩이 탑재된 신형 메인프레임 판매 호조로 인프라 매출 급증. AI 관련 누적 매출 95억 달러로, 전분기 대비 +20억 달러 증가

■ DRAM 부문에서 가격 상승 위험에 대비한 hedging demand가 급격히 증가하면서 DDR4와 DDR5 현물 거래량이 급등

■ 이스라엘의 반도체 스타트업 NextSilicon이 RISC-V 기반 새로운 CPU를 개발 중


감사합니다.","**[삼성 문준호의 반.전] 2025년 10월 23일 주요 테크 뉴스** ■ 미국 정부, 중국의 희토류 수출 제한 조치에 대한 보복으로, 노트북부터 제트엔진까지 미국 소프트웨어가 포함된 제품의 대중 수출을 제한하는 방안을 검토 중 ■ 램 리서치, AI 반도체 생산용 장비 주문이 급증하면서 실적과 가이던스 모두 컨센서스 상회. 매출 53.2억 달러 (컨센 52.3억 달러), 조정 EPS 1.26달러(컨센 1.22달러). 차분기 가이던스 매출 52억 달러 ±3억 달러 (컨센 48.1억 달러) 조정 EPS 1.15달러 ±0.10달러 (컨센 1.04달러) ■ IBM, 3분기 매출 163.3억 달러로 시장 예상치(160.9억 달러) 상회. 인프라 부문(메인프레임 포함) 매출 35.6억 달러로 전년 대비 +17%. AI 특화 칩이 탑재된 신형 메인프레임 판매 호조로 인프라 매출 급증. AI 관련 누적 매출 95억 달러로, 전분기 대비 +20억 달러 증가 ■ DRAM 부문에서 가격 상승 위험에 대비한 hedging demand가 급격히 증가하면서 DDR4와 DDR5 현물 거래량이 급등 ■ 이스라엘의 반도체 스타트업 NextSilicon이 RISC-V 기반 새로운 CPU를 개발 중 감사합니다.",620,"1. 미국 정부가 중국의 희토류 수출 제한에 대한 보복으로 대중 수출 제한 방안을 검토 중임. 2. 램 리서치가 AI 반도체 생산용 장비 주문 급증으로 실적과 가이던스 모두 컨센서스를 상회했음. 매출은 53.2억 달러로 예상치를 초과했으며, 조정 EPS도 예상보다 높았음. 3. IBM이 3분기 매출 163.3억 달러로 시장 예상치를 초과했음. 인프라 부문 매출이 전년 대비 17% 증가했으며, AI 특화 칩이 탑재된 메인프레임 판매 호조로 인프라 매출이 급증했음. 4. DRAM 부문에서 가격 상승 위험에 대비한 hedging demand가 급증하면서 DDR4와 DDR5 현물 거래량이 급등했음. 5. 이스라엘의 반도체 스타트업 NextSilicon이 RISC-V 기반 새로운 CPU를 개발 중임.","미국 정부, 중국, 희토류, 램 리서치, AI 반도체, IBM, 매출, 인프라, DRAM, hedging demand, NextSilicon, RISC-V, CPU",긍정적
GlobalTechMoon,1001862856400,2025-10-21T22:50:44+00:00,2025-10-21 22:50:44,Company;Product;Tech,"**[삼성 문준호의 반.전] 2025년 10월 22일 주요 테크 뉴스**

■ 텍사스 인스트루먼트 FY3Q25 실적
- 매출액 47.4억 달러 (+14% y-y, +7% q-q, 컨센서스 46.5억 달러)
- GAAP GPM 57.4% (컨센서스 57.6%)
- GAAP EPS 1.48 달러 (+1% y-y, +5% q-q, 컨센서스 1.49 달러)

■ 텍사스 인스트루먼트 FY4Q25 가이던스
- 매출액 42.2-45.8억 달러 (컨센서스 45.1억 달러)
- GAAP EPS 1.13-1.39 달러 (컨센서스 1.41 달러) 

■ CXMT, 2026년 1분기 중 상하이 증시 상장을 추진, 기업가치를 최대 3,000억 위안(약 421억 달러)으로 평가 전망

■ Google의 첫 Arm 기반 CPU ‘Axion’, TSMC 3nm 공정 기반. GUC 설계 지원

■ AMD, 대만 남부에 실리콘 포토닉스 R&D 센터 설립 예정. 총 86.4억 대만달러 투자


감사합니다.","**[삼성 문준호의 반.전] 2025년 10월 22일 주요 테크 뉴스** ■ 텍사스 인스트루먼트 FY3Q25 실적 - 매출액 47.4억 달러 (+14% y-y, +7% q-q, 컨센서스 46.5억 달러) - GAAP GPM 57.4% (컨센서스 57.6%) - GAAP EPS 1.48 달러 (+1% y-y, +5% q-q, 컨센서스 1.49 달러) ■ 텍사스 인스트루먼트 FY4Q25 가이던스 - 매출액 42.2-45.8억 달러 (컨센서스 45.1억 달러) - GAAP EPS 1.13-1.39 달러 (컨센서스 1.41 달러) ■ CXMT, 2026년 1분기 중 상하이 증시 상장을 추진, 기업가치를 최대 3,000억 위안(약 421억 달러)으로 평가 전망 ■ Google의 첫 Arm 기반 CPU ‘Axion’, TSMC 3nm 공정 기반. GUC 설계 지원 ■ AMD, 대만 남부에 실리콘 포토닉스 R&D 센터 설립 예정. 총 86.4억 대만달러 투자 감사합니다.",494,"1. 텍사스 인스트루먼트 FY3Q25 실적 발표함. 2. 매출액 47.4억 달러로 전년 대비 14% 증가했음. 3. GAAP GPM은 57.4%로 컨센서스보다 소폭 낮았음. 4. GAAP EPS는 1.48 달러로 전년 대비 1% 증가했음. 5. FY4Q25 가이던스 발표함. 6. 매출액은 42.2-45.8억 달러로 예상됨. 7. GAAP EPS는 1.13-1.39 달러로 예상됨. 8. CXMT는 2026년 1분기 중 상하이 증시 상장을 추진함. 9. 기업가치는 최대 3,000억 위안으로 평가됨. 10. Google의 첫 Arm 기반 CPU ‘Axion’ 발표함. 11. TSMC 3nm 공정 기반으로 GUC 설계 지원함. 12. AMD는 대만 남부에 실리콘 포토닉스 R&D 센터 설립 예정임. 13. 총 86.4억 대만달러를 투자할 계획임.","텍사스 인스트루먼트, 실적, 매출액, GAAP GPM, GAAP EPS, 가이던스, CXMT, 상장, 기업가치, Google, Arm, CPU, TSMC, AMD, R&D 센터, 실리콘 포토닉스",중립적
anakinvest,1001818302157,2025-09-15T09:00:44+00:00,2025-09-15 09:00:44,Company;Memory;Tech,"**'unprecedented demand for every capacity'**

1 - 참 오랜만에 보는 문장입니다. AI가 시작된건 23년 5월 엔비디아의 실적발표부터인데, 자그마치 2년 4개월이 지난 25년 9월부터 AI 수요가 일반서버와 eSSD, 나아가 HDD까지 확대되는 모양새입니다.
**
2 - 다만 이번 사이클의 핵심적인 축은 과거 2년간 부족했던 '공급' 상황에 있습니다.** HBM이 빨아들이는 거대한 웨이퍼 인풋에 모든 capex가 집중되었고, 레거시 공급은 더더욱 뒤로 연기되었습니다.

3 - 이런 상황에서 여전히 내년 HBM 수요 growth는 bit 기준 +60~70% 이상 이뤄지는 가운데, 갑자기 일반 서버 DRAM과 NAND 수요가 폭증하기 시작했습니다. **HBM을 전자가 가져갈 것이냐 닉스가 가져갈 것이냐는 논쟁이 중점이었던 올해 메모리 뷰가 => '모르겠고 메모리 다같이 가자'라고 바뀌는 구간입니다**. 전자와 닉스 롱숏보다는 둘의 합산 시총이 커지는 사이클입니다.

4 - 다만 냉정하게 봐야할 지점은 과연 전체적인 DRAM/NAND 레거시의 내년 B/G가 엄청나게 강하냐는 것입니다. 내년 수요 B/G 관점에서 DRAM은 +10~15%, NAND는 +15% 내외 수준으로 얘기되고 있습니다. (추정치마다 일부 차이는 있습니다) 

5 - **물론 이 수치는 상향 조정될 가능성이 높습니다.** 다만 이 수치가 과거 우리가 겪었던 NAND B/G가 20~30%씩 성장하던 시기만큼은 아닐 것이라는 점도 맞는듯 싶습니다. 즉, 이번 사이클의 본질은 '막대한 공급량 증대'보다는 '선단공정으로의 전환'에 있다고 보는게 맞습니다.

6 - 전자와 닉스의 capex가 과거보다는 증가하겠으나, 17~18년도에 미친듯이 수요가 좋을 것이라 예상하고 공급을 마구잡이로 증설하던 사이클은 아니라는 점입니다. **그러나 이게 또 소부장에게 안 좋기만 한 것은 아닙니다.**

7 - 그 이유는 이번 사이클이 더 길어질 수 있기 때문입니다. 현재 DRAM 재고가 3주 정도로 알려져있는데, 이는 상당히 적은 수준이라고 생각됩니다. 그런데도 전자와 닉스의 공급 정책은 당연히 HBM 대응이 가장 우선적이고, 레거시 DRAM 대응을 시급하게 서두르는 조짐이 크지 않습니다. **즉, 이번 사이클은 '더 장기화'되고, '공급자 우위 현상'이 더 지속될 수 있습니다.**

8 - 공급의 부족이 역으로 공급자 우위 현상을 만들어냈고, DRAM 3사의 최우선 KPI가 'HBM 퀄 통과'인 상황에서 레거시 증설에 대한 유인은 더 줄어들었습니다. NAND도 마찬가지라고 생각됩니다. 이 상황에서 300단 이상의 NAND로의 전환에 더 집중할 것입니다.

**9 - 소부장 입장에서는 '단기에 파괴적인 증설'은 없을 수 있지만, '더 길어지고', '선단공정 노출도가 높을수록 더 유리한' 사이클이 왔다고도 볼 수 있습니다.** 무엇이 더 좋고 나쁘다 보다는 선별기준이 달라졌을 뿐이라고 생각합니다.

10 - 개인적으로는 소부장은 크게는 3가지 선별기준이 중요해보입니다. **(1) 이번 사이클에서 사상 최고 실적을 갱신할 수 있느냐(17-18년, 20-21년보다 실적 상단이 더 높은가), (2) 자체적인 아이템과 공정 확대를 이뤄내고 있는지, (3) 뛰어난 고객사를 바탕으로 높은 마진율을 가져가고 있는지 입니다. **이번 사이클에 많은 소부장들이 좋은 기회를 만들었으면 좋겠습니다. 시총 2~3천억의 기업들의 5~6천억으로 갈 수 있고, 5~6천억이 1조로 올라갈 수 있는 사이클이 될지 기대됩니다.","**'unprecedented demand for every capacity'** 1 - 참 오랜만에 보는 문장입니다. AI가 시작된건 23년 5월 엔비디아의 실적발표부터인데, 자그마치 2년 4개월이 지난 25년 9월부터 AI 수요가 일반서버와 eSSD, 나아가 HDD까지 확대되는 모양새입니다. ** 2 - 다만 이번 사이클의 핵심적인 축은 과거 2년간 부족했던 '공급' 상황에 있습니다.** HBM이 빨아들이는 거대한 웨이퍼 인풋에 모든 capex가 집중되었고, 레거시 공급은 더더욱 뒤로 연기되었습니다. 3 - 이런 상황에서 여전히 내년 HBM 수요 growth는 bit 기준 +60~70% 이상 이뤄지는 가운데, 갑자기 일반 서버 DRAM과 NAND 수요가 폭증하기 시작했습니다. **HBM을 전자가 가져갈 것이냐 닉스가 가져갈 것이냐는 논쟁이 중점이었던 올해 메모리 뷰가 => '모르겠고 메모리 다같이 가자'라고 바뀌는 구간입니다**. 전자와 닉스 롱숏보다는 둘의 합산 시총이 커지는 사이클입니다. 4 - 다만 냉정하게 봐야할 지점은 과연 전체적인 DRAM/NAND 레거시의 내년 B/G가 엄청나게 강하냐는 것입니다. 내년 수요 B/G 관점에서 DRAM은 +10~15%, NAND는 +15% 내외 수준으로 얘기되고 있습니다. (추정치마다 일부 차이는 있습니다) 5 - **물론 이 수치는 상향 조정될 가능성이 높습니다.** 다만 이 수치가 과거 우리가 겪었던 NAND B/G가 20~30%씩 성장하던 시기만큼은 아닐 것이라는 점도 맞는듯 싶습니다. 즉, 이번 사이클의 본질은 '막대한 공급량 증대'보다는 '선단공정으로의 전환'에 있다고 보는게 맞습니다. 6 - 전자와 닉스의 capex가 과거보다는 증가하겠으나, 17~18년도에 미친듯이 수요가 좋을 것이라 예상하고 공급을 마구잡이로 증설하던 사이클은 아니라는 점입니다. **그러나 이게 또 소부장에게 안 좋기만 한 것은 아닙니다.** 7 - 그 이유는 이번 사이클이 더 길어질 수 있기 때문입니다. 현재 DRAM 재고가 3주 정도로 알려져있는데, 이는 상당히 적은 수준이라고 생각됩니다. 그런데도 전자와 닉스의 공급 정책은 당연히 HBM 대응이 가장 우선적이고, 레거시 DRAM 대응을 시급하게 서두르는 조짐이 크지 않습니다. **즉, 이번 사이클은 '더 장기화'되고, '공급자 우위 현상'이 더 지속될 수 있습니다.** 8 - 공급의 부족이 역으로 공급자 우위 현상을 만들어냈고, DRAM 3사의 최우선 KPI가 'HBM 퀄 통과'인 상황에서 레거시 증설에 대한 유인은 더 줄어들었습니다. NAND도 마찬가지라고 생각됩니다. 이 상황에서 300단 이상의 NAND로의 전환에 더 집중할 것입니다. **9 - 소부장 입장에서는 '단기에 파괴적인 증설'은 없을 수 있지만, '더 길어지고', '선단공정 노출도가 높을수록 더 유리한' 사이클이 왔다고도 볼 수 있습니다.** 무엇이 더 좋고 나쁘다 보다는 선별기준이 달라졌을 뿐이라고 생각합니다. 10 - 개인적으로는 소부장은 크게는 3가지 선별기준이 중요해보입니다. **(1) 이번 사이클에서 사상 최고 실적을 갱신할 수 있느냐(17-18년, 20-21년보다 실적 상단이 더 높은가), (2) 자체적인 아이템과 공정 확대를 이뤄내고 있는지, (3) 뛰어난 고객사를 바탕으로 높은 마진율을 가져가고 있는지 입니다. **이번 사이클에 많은 소부장들이 좋은 기회를 만들었으면 좋겠습니다. 시총 2~3천억의 기업들의 5~6천억으로 갈 수 있고, 5~6천억이 1조로 올라갈 수 있는 사이클이 될지 기대됩니다.",1748,"1 - AI 수요가 일반 서버와 eSSD, HDD로 확대되었음. 2 - 이번 사이클의 핵심은 부족했던 공급 상황에 있음. 3 - HBM 수요는 bit 기준으로 +60~70% 성장할 것으로 예상되었음. 4 - DRAM과 NAND 수요가 폭증하기 시작했음. 5 - 내년 DRAM은 +10~15%, NAND는 +15% 내외로 예상되었음. 6 - 과거 NAND B/G 성장률과는 차이가 있을 것임. 7 - 이번 사이클은 '선단공정으로의 전환'에 중점을 두고 있음. 8 - DRAM 재고가 3주로 적은 수준임. 9 - 공급자 우위 현상이 지속될 가능성이 있음. 10 - 소부장에게는 장기화된 사이클이 유리할 수 있음. 11 - 소부장 선별기준은 실적 갱신, 공정 확대, 높은 마진율임. 12 - 많은 소부장들이 좋은 기회를 만들기를 기대함.","AI 수요, 공급 부족, HBM, DRAM, NAND, 선단공정, 공급자 우위, 소부장, 실적 갱신, 마진율",긍정적
anakinvest,1001818302157,2025-07-30T03:12:15+00:00,2025-07-30 03:12:15,Company;Memory;Product;Tech,"**> 기판 업황 개선의 조짐**

- 최근 FC-BGA 업황 개선과 MLB 등 AI 기판용 수요가 급등함에 따라 삼성전기, 대덕전자 등의 회사들도 금일 급등하는 추세

- (1) 최근 메모리 업황의 구조적 개선(공급의 축소)에 따른 메모리향 기판 수요 증가, (2) NVDIA  Blackwell 시리즈의 기판 면적의 2배 가까운 확대(H시리즈 대비)에 따른 AI용 기판 수요 급증, (3) AMD 등의 새로운 공급처향으로도 AI 기판 수요가 증가, (4) 자율주행 등 새로운 수요처의 등장으로 전장용 FC-BGA 수요의 시작

- 최근 삼성 파운드리향 TSLA 투자에서 알 수 있다시피 자율주행용 칩셋향 FC-BGA 수요가 이제 본격화 할 것으로 예상. 장기적으로 보면 자율주행, 휴머노이드향으로 반도체 수요가 개선됨에 따라 파운드리/기판 수요의 구조적 개선을 예상

- 최근 AI 패키징/기판을 주력으로 했던 대만 업체들의 증설 사이클도 지속. 유니마이크론, 파워텍, 인벤텍 등

- 국내는 MLB 기판이 주력이었던 이수페타시스가 신고가를 달성했고, 최근 TSLA의 투자와 맞물려 자율주행용 기판 수혜가 예상되는 삼성전기, 대덕전자 등의 상승 추세가 이제 시작

- 결론적으로 메모리/AI/자율주행 3개 부분에서 기판 수요가 전체적으로 확대되면서 대만/한국의 기판 밸류체인에게 실적, 밸류에이션 측면에서 유리한 국면이 도래.","**> 기판 업황 개선의 조짐** - 최근 FC-BGA 업황 개선과 MLB 등 AI 기판용 수요가 급등함에 따라 삼성전기, 대덕전자 등의 회사들도 금일 급등하는 추세 - (1) 최근 메모리 업황의 구조적 개선(공급의 축소)에 따른 메모리향 기판 수요 증가, (2) NVDIA Blackwell 시리즈의 기판 면적의 2배 가까운 확대(H시리즈 대비)에 따른 AI용 기판 수요 급증, (3) AMD 등의 새로운 공급처향으로도 AI 기판 수요가 증가, (4) 자율주행 등 새로운 수요처의 등장으로 전장용 FC-BGA 수요의 시작 - 최근 삼성 파운드리향 TSLA 투자에서 알 수 있다시피 자율주행용 칩셋향 FC-BGA 수요가 이제 본격화 할 것으로 예상. 장기적으로 보면 자율주행, 휴머노이드향으로 반도체 수요가 개선됨에 따라 파운드리/기판 수요의 구조적 개선을 예상 - 최근 AI 패키징/기판을 주력으로 했던 대만 업체들의 증설 사이클도 지속. 유니마이크론, 파워텍, 인벤텍 등 - 국내는 MLB 기판이 주력이었던 이수페타시스가 신고가를 달성했고, 최근 TSLA의 투자와 맞물려 자율주행용 기판 수혜가 예상되는 삼성전기, 대덕전자 등의 상승 추세가 이제 시작 - 결론적으로 메모리/AI/자율주행 3개 부분에서 기판 수요가 전체적으로 확대되면서 대만/한국의 기판 밸류체인에게 실적, 밸류에이션 측면에서 유리한 국면이 도래.",688,"1. 최근 FC-BGA 업황 개선과 AI 기판 수요 급등이 있었음. 2. 메모리 업황의 구조적 개선으로 메모리향 기판 수요가 증가했음. 3. NVDIA Blackwell 시리즈의 기판 면적 확대에 따라 AI용 기판 수요가 급증했음. 4. AMD 등의 새로운 공급처향으로 AI 기판 수요가 증가했음. 5. 자율주행 등 새로운 수요처의 등장으로 전장용 FC-BGA 수요가 시작되었음. 6. 자율주행용 칩셋향 FC-BGA 수요가 본격화할 것으로 예상되었음. 7. 장기적으로 자율주행과 휴머노이드향으로 반도체 수요가 개선될 것으로 보임. 8. 대만 업체들의 AI 패키징/기판 증설 사이클이 지속되고 있음. 9. 이수페타시스가 MLB 기판으로 신고가를 달성했음. 10. 삼성전기와 대덕전자가 자율주행용 기판 수혜로 상승 추세를 보이고 있음. 11. 메모리, AI, 자율주행 3개 분야에서 기판 수요가 확대되면서 대만과 한국의 기판 밸류체인에 유리한 국면이 도래했음.","FC-BGA, AI 기판, 메모리 업황, NVDIA, 자율주행, 반도체 수요, 대만 업체, 이수페타시스, 삼성전기, 대덕전자, 기판 수요, 밸류체인",긍정적
anakinvest,1001818302157,2025-04-17T12:59:14+00:00,2025-04-17 12:59:14,Company,"**궈밍치 코멘트**

관세 불확실성과 하반기 경기침체 우려가 커지는 가운데, 기술주 투자 심리를 회복시킬 수 있는 두 가지 요소가 있다: 2025년 수주 및 성장에 대한 강한 가시성, 혹은 시장의 폭넓은 지지를 받는 새로운 트렌드. TSMC와 테슬라는 각각 그 두 가지를 대표한다. 따라서 이들의 실적 발표 이후 주가 흐름은 단기 투자 심리를 가늠할 수 있는 중요한 지표가 될 것이다.

 1. **TSMC**: TSMC는 2분기를 앞두고도 견고한 성장 모멘텀을 유지하고 있으며, 2025년 연간 가이던스 역시 변함없다. 기술 업계에서 TSMC만큼 수주 가시성과 경쟁력을 동시에 갖춘 기업은 드물다. 주요 고객사인 애플이나 엔비디아조차 이런 수준의 명확성을 누리지는 못한다.

 2. **테슬라**: 테슬라의 1분기 실적 부진은 이미 주가에 반영되어 있으며, 단기적으로는 관세 영향으로 기초 체력이 약세를 지속할 것으로 보인다. 그럼에도 테슬라는 자율주행과 로보틱스라는 두 가지 강력한 트렌드에 올라타고 있다. 일론 머스크 CEO는 이번 실적 발표 컨퍼런스에서 이 두 가지를 집중적으로 부각시킬 전망이다.

출처: X","**궈밍치 코멘트** 관세 불확실성과 하반기 경기침체 우려가 커지는 가운데, 기술주 투자 심리를 회복시킬 수 있는 두 가지 요소가 있다: 2025년 수주 및 성장에 대한 강한 가시성, 혹은 시장의 폭넓은 지지를 받는 새로운 트렌드. TSMC와 테슬라는 각각 그 두 가지를 대표한다. 따라서 이들의 실적 발표 이후 주가 흐름은 단기 투자 심리를 가늠할 수 있는 중요한 지표가 될 것이다. 1. **TSMC**: TSMC는 2분기를 앞두고도 견고한 성장 모멘텀을 유지하고 있으며, 2025년 연간 가이던스 역시 변함없다. 기술 업계에서 TSMC만큼 수주 가시성과 경쟁력을 동시에 갖춘 기업은 드물다. 주요 고객사인 애플이나 엔비디아조차 이런 수준의 명확성을 누리지는 못한다. 2. **테슬라**: 테슬라의 1분기 실적 부진은 이미 주가에 반영되어 있으며, 단기적으로는 관세 영향으로 기초 체력이 약세를 지속할 것으로 보인다. 그럼에도 테슬라는 자율주행과 로보틱스라는 두 가지 강력한 트렌드에 올라타고 있다. 일론 머스크 CEO는 이번 실적 발표 컨퍼런스에서 이 두 가지를 집중적으로 부각시킬 전망이다. 출처: X",570,1. 관세 불확실성과 경기침체 우려가 커지고 있음. 2. 기술주 투자 심리를 회복시킬 두 가지 요소가 있음. 3. 첫 번째 요소는 2025년 수주 및 성장에 대한 강한 가시성임. 4. 두 번째 요소는 시장의 폭넓은 지지를 받는 새로운 트렌드임. 5. TSMC와 테슬라는 각각 두 가지 요소를 대표함. 6. TSMC는 2분기에도 견고한 성장 모멘텀을 유지하고 있음. 7. TSMC의 2025년 연간 가이던스는 변함없음. 8. TSMC는 수주 가시성과 경쟁력을 동시에 갖춘 드문 기업임. 9. 주요 고객사인 애플과 엔비디아는 TSMC 수준의 명확성을 누리지 못함. 10. 테슬라는 1분기 실적 부진이 주가에 반영되어 있음. 11. 단기적으로 관세 영향으로 기초 체력이 약세를 지속할 것으로 보임. 12. 그럼에도 테슬라는 자율주행과 로보틱스라는 두 가지 강력한 트렌드에 올라타고 있음. 13. 일론 머스크 CEO는 실적 발표에서 이 두 가지를 집중적으로 부각시킬 전망임.,"관세 불확실성, 경기침체, 기술주, TSMC, 테슬라, 성장 가시성, 자율주행, 로보틱스, 실적 발표, 투자 심리",중립적
